5000.01.001.INV01.AC_POWER,1/1/20 7:00:00,0
5000.01.001.INV01.AC_POWER,1/1/20 7:15:00,0
5000.01.001.INV01.AC_POWER,1/1/20 7:30:00,0
5000.01.001.INV01.AC_POWER,1/1/20 7:45:00,0
5000.01.001.INV01.AC_POWER,1/1/20 8:00:00,0
5000.01.001.INV01.AC_POWER,1/1/20 8:15:00,0
5000.01.001.INV01.AC_POWER,1/1/20 8:30:00,0
5000.01.001.INV01.AC_POWER,1/1/20 8:45:00,0
5000.01.001.INV01.AC_POWER,1/1/20 9:00:00,0
5000.01.001.INV01.AC_POWER,1/1/20 9:15:00,0
5000.01.001.INV01.AC_POWER,1/1/20 9:30:00,0
5000.01.001.INV01.AC_POWER,1/1/20 9:45:00,0
5000.01.001.INV01.AC_POWER,1/1/20 10:00:00,0
5000.01.001.INV01.AC_POWER,1/1/20 10:15:00,0
5000.01.001.INV01.AC_POWER,1/1/20 10:30:00,0
5000.01.001.INV01.AC_POWER,1/1/20 10:45:00,0
5000.01.001.INV01.AC_POWER,1/1/20 11:00:00,0
5000.01.001.INV01.AC_POWER,1/1/20 11:15:00,0
5000.01.001.INV01.AC_POWER,1/1/20 11:30:00,0
5000.01.001.INV01.AC_POWER,1/1/20 11:45:00,0
5000.01.001.INV01.AC_POWER,1/1/20 12:00:00,0
5000.01.001.INV01.AC_POWER,1/1/20 12:15:00,0
5000.01.001.INV01.AC_POWER,1/1/20 12:30:00,0
5000.01.001.INV01.AC_POWER,1/1/20 12:45:00,0
5000.01.001.INV01.AC_POWER,1/1/20 13:00:00,0
5000.01.001.INV01.AC_POWER,1/1/20 13:15:00,0.051642278
5000.01.001.INV01.AC_POWER,1/1/20 13:30:00,0.415733968
5000.01.001.INV01.AC_POWER,1/1/20 13:45:00,1.325826127
5000.01.001.INV01.AC_POWER,1/1/20 14:00:00,2.278168401
5000.01.001.INV01.AC_POWER,1/1/20 14:15:00,3.415529796
5000.01.001.INV01.AC_POWER,1/1/20 14:30:00,4.503918664
5000.01.001.INV01.AC_POWER,1/1/20 14:45:00,5.801680741
5000.01.001.INV01.AC_POWER,1/1/20 15:00:00,6.909273935
5000.01.001.INV01.AC_POWER,1/1/20 15:15:00,8.202928485
5000.01.001.INV01.AC_POWER,1/1/20 15:30:00,9.171905108
5000.01.001.INV01.AC_POWER,1/1/20 15:45:00,10.04976057
5000.01.001.INV01.AC_POWER,1/1/20 16:00:00,11.0300393
5000.01.001.INV01.AC_POWER,1/1/20 16:15:00,11.69905449
5000.01.001.INV01.AC_POWER,1/1/20 16:30:00,12.6369352
5000.01.001.INV01.AC_POWER,1/1/20 16:45:00,13.30157872
5000.01.001.INV01.AC_POWER,1/1/20 17:00:00,13.96287746
5000.01.001.INV01.AC_POWER,1/1/20 17:15:00,14.73690074
5000.01.001.INV01.AC_POWER,1/1/20 17:30:00,15.43594479
5000.01.001.INV01.AC_POWER,1/1/20 17:45:00,15.89875119
5000.01.001.INV01.AC_POWER,1/1/20 18:00:00,16.32752768
5000.01.001.INV01.AC_POWER,1/1/20 18:15:00,16.67328785
5000.01.001.INV01.AC_POWER,1/1/20 18:30:00,17.05735647
5000.01.001.INV01.AC_POWER,1/1/20 18:45:00,17.38273536
5000.01.001.INV01.AC_POWER,1/1/20 19:00:00,17.66855174
5000.01.001.INV01.AC_POWER,1/1/20 19:15:00,17.99330008
5000.01.001.INV01.AC_POWER,1/1/20 19:30:00,18.10155412
5000.01.001.INV01.AC_POWER,1/1/20 19:45:00,18.11167549
5000.01.001.INV01.AC_POWER,1/1/20 20:00:00,17.89310261
5000.01.001.INV01.AC_POWER,1/1/20 20:15:00,17.98211839
5000.01.001.INV01.AC_POWER,1/1/20 20:30:00,17.89620156
5000.01.001.INV01.AC_POWER,1/1/20 20:45:00,17.50277408
5000.01.001.INV01.AC_POWER,1/1/20 21:00:00,17.48704644
5000.01.001.INV01.AC_POWER,1/1/20 21:15:00,17.45005388
5000.01.001.INV01.AC_POWER,1/1/20 21:30:00,16.79376685
5000.01.001.INV01.AC_POWER,1/1/20 21:45:00,16.25548635
5000.01.001.INV01.AC_POWER,1/1/20 22:00:00,15.83606602
5000.01.001.INV01.AC_POWER,1/1/20 22:15:00,15.41862552
5000.01.001.INV01.AC_POWER,1/1/20 22:30:00,14.72265048
5000.01.001.INV01.AC_POWER,1/1/20 22:45:00,14.06556362
5000.01.001.INV01.AC_POWER,1/1/20 23:00:00,13.53314442
5000.01.001.INV01.AC_POWER,1/1/20 23:15:00,12.8374471
5000.01.001.INV01.AC_POWER,1/1/20 23:30:00,12.01305151
5000.01.001.INV01.AC_POWER,1/1/20 23:45:00,10.99198735
5000.01.001.INV01.AC_POWER,1/2/20 0:00:00,10.11299614
5000.01.001.INV01.AC_POWER,1/2/20 0:15:00,9.185977847
5000.01.001.INV01.AC_POWER,1/2/20 0:30:00,8.045407747
5000.01.001.INV01.AC_POWER,1/2/20 0:45:00,6.992900529
5000.01.001.INV01.AC_POWER,1/2/20 1:00:00,5.618525728
5000.01.001.INV01.AC_POWER,1/2/20 1:15:00,4.443394328
5000.01.001.INV01.AC_POWER,1/2/20 1:30:00,3.517655732
5000.01.001.INV01.AC_POWER,1/2/20 1:45:00,2.461742568
5000.01.001.INV01.AC_POWER,1/2/20 2:00:00,1.494100616
5000.01.001.INV01.AC_POWER,1/2/20 2:15:00,0.73809858
5000.01.001.INV01.AC_POWER,1/2/20 2:30:00,0.177889516
5000.01.001.INV01.AC_POWER,1/2/20 2:45:00,0
5000.01.001.INV01.AC_POWER,1/2/20 3:00:00,0
5000.01.001.INV01.AC_POWER,1/2/20 3:15:00,0
5000.01.001.INV01.AC_POWER,1/2/20 3:30:00,0
5000.01.001.INV01.AC_POWER,1/2/20 3:45:00,0
5000.01.001.INV01.AC_POWER,1/2/20 4:00:00,0
5000.01.001.INV01.AC_POWER,1/2/20 4:15:00,0
5000.01.001.INV01.AC_POWER,1/2/20 4:30:00,0
5000.01.001.INV01.AC_POWER,1/2/20 4:45:00,0
5000.01.001.INV01.AC_POWER,1/2/20 5:00:00,0
5000.01.001.INV01.AC_POWER,1/2/20 5:15:00,0
5000.01.001.INV01.AC_POWER,1/2/20 5:30:00,0
5000.01.001.INV01.AC_POWER,1/2/20 5:45:00,0
5000.01.001.INV01.AC_POWER,1/2/20 6:00:00,0
5000.01.001.INV01.AC_POWER,1/2/20 6:15:00,0
5000.01.001.INV01.AC_POWER,1/2/20 6:30:00,0
5000.01.001.INV01.AC_POWER,1/2/20 6:45:00,0
5000.01.001.INV02.AC_POWER,1/1/20 7:00:00,0
5000.01.001.INV02.AC_POWER,1/1/20 7:15:00,0
5000.01.001.INV02.AC_POWER,1/1/20 7:30:00,0
5000.01.001.INV02.AC_POWER,1/1/20 7:45:00,0
5000.01.001.INV02.AC_POWER,1/1/20 8:00:00,0
5000.01.001.INV02.AC_POWER,1/1/20 8:15:00,0
5000.01.001.INV02.AC_POWER,1/1/20 8:30:00,0
5000.01.001.INV02.AC_POWER,1/1/20 8:45:00,0
5000.01.001.INV02.AC_POWER,1/1/20 9:00:00,0
5000.01.001.INV02.AC_POWER,1/1/20 9:15:00,0
5000.01.001.INV02.AC_POWER,1/1/20 9:30:00,0
5000.01.001.INV02.AC_POWER,1/1/20 9:45:00,0
5000.01.001.INV02.AC_POWER,1/1/20 10:00:00,0
5000.01.001.INV02.AC_POWER,1/1/20 10:15:00,0
5000.01.001.INV02.AC_POWER,1/1/20 10:30:00,0
5000.01.001.INV02.AC_POWER,1/1/20 10:45:00,0
5000.01.001.INV02.AC_POWER,1/1/20 11:00:00,0
5000.01.001.INV02.AC_POWER,1/1/20 11:15:00,0
5000.01.001.INV02.AC_POWER,1/1/20 11:30:00,0
5000.01.001.INV02.AC_POWER,1/1/20 11:45:00,0
5000.01.001.INV02.AC_POWER,1/1/20 12:00:00,0
5000.01.001.INV02.AC_POWER,1/1/20 12:15:00,0
5000.01.001.INV02.AC_POWER,1/1/20 12:30:00,0
5000.01.001.INV02.AC_POWER,1/1/20 12:45:00,0
5000.01.001.INV02.AC_POWER,1/1/20 13:00:00,0
5000.01.001.INV02.AC_POWER,1/1/20 13:15:00,0.004557629
5000.01.001.INV02.AC_POWER,1/1/20 13:30:00,0.111801122
5000.01.001.INV02.AC_POWER,1/1/20 13:45:00,0.581636833
5000.01.001.INV02.AC_POWER,1/1/20 14:00:00,1.230557563
5000.01.001.INV02.AC_POWER,1/1/20 14:15:00,2.127588369
5000.01.001.INV02.AC_POWER,1/1/20 14:30:00,2.988822032
5000.01.001.INV02.AC_POWER,1/1/20 14:45:00,4.027780178
5000.01.001.INV02.AC_POWER,1/1/20 15:00:00,4.918616387
5000.01.001.INV02.AC_POWER,1/1/20 15:15:00,6.009675187
5000.01.001.INV02.AC_POWER,1/1/20 15:30:00,6.8752101
5000.01.001.INV02.AC_POWER,1/1/20 15:45:00,7.696376849
5000.01.001.INV02.AC_POWER,1/1/20 16:00:00,8.691290862
5000.01.001.INV02.AC_POWER,1/1/20 16:15:00,9.411269321
5000.01.001.INV02.AC_POWER,1/1/20 16:30:00,10.13985511
5000.01.001.INV02.AC_POWER,1/1/20 16:45:00,10.92940945
5000.01.001.INV02.AC_POWER,1/1/20 17:00:00,11.67599874
5000.01.001.INV02.AC_POWER,1/1/20 17:15:00,12.45976472
5000.01.001.INV02.AC_POWER,1/1/20 17:30:00,13.13388942
5000.01.001.INV02.AC_POWER,1/1/20 17:45:00,13.66399469
5000.01.001.INV02.AC_POWER,1/1/20 18:00:00,14.16971023
5000.01.001.INV02.AC_POWER,1/1/20 18:15:00,14.62385796
5000.01.001.INV02.AC_POWER,1/1/20 18:30:00,15.09845463
5000.01.001.INV02.AC_POWER,1/1/20 18:45:00,15.5509863
5000.01.001.INV02.AC_POWER,1/1/20 19:00:00,15.99382607
5000.01.001.INV02.AC_POWER,1/1/20 19:15:00,16.20375921
5000.01.001.INV02.AC_POWER,1/1/20 19:30:00,16.32314359
5000.01.001.INV02.AC_POWER,1/1/20 19:45:00,16.55681784
5000.01.001.INV02.AC_POWER,1/1/20 20:00:00,16.65299637
5000.01.001.INV02.AC_POWER,1/1/20 20:15:00,16.81936221
5000.01.001.INV02.AC_POWER,1/1/20 20:30:00,16.94593085
5000.01.001.INV02.AC_POWER,1/1/20 20:45:00,16.83750084
5000.01.001.INV02.AC_POWER,1/1/20 21:00:00,16.78063539
5000.01.001.INV02.AC_POWER,1/1/20 21:15:00,16.74748789
5000.01.001.INV02.AC_POWER,1/1/20 21:30:00,16.69188716
5000.01.001.INV02.AC_POWER,1/1/20 21:45:00,16.35234511
5000.01.001.INV02.AC_POWER,1/1/20 22:00:00,16.11771979
5000.01.001.INV02.AC_POWER,1/1/20 22:15:00,15.8999884
5000.01.001.INV02.AC_POWER,1/1/20 22:30:00,15.40360759
5000.01.001.INV02.AC_POWER,1/1/20 22:45:00,15.06846893
5000.01.001.INV02.AC_POWER,1/1/20 23:00:00,14.858903
5000.01.001.INV02.AC_POWER,1/1/20 23:15:00,14.3416156
5000.01.001.INV02.AC_POWER,1/1/20 23:30:00,13.7658539
5000.01.001.INV02.AC_POWER,1/1/20 23:45:00,13.01865396
5000.01.001.INV02.AC_POWER,1/2/20 0:00:00,12.43296639
5000.01.001.INV02.AC_POWER,1/2/20 0:15:00,11.81895693
5000.01.001.INV02.AC_POWER,1/2/20 0:30:00,10.94302993
5000.01.001.INV02.AC_POWER,1/2/20 0:45:00,10.19680902
5000.01.001.INV02.AC_POWER,1/2/20 1:00:00,9.375040165
5000.01.001.INV02.AC_POWER,1/2/20 1:15:00,8.63471667
5000.01.001.INV02.AC_POWER,1/2/20 1:30:00,7.793726698
5000.01.001.INV02.AC_POWER,1/2/20 1:45:00,6.835002355
5000.01.001.INV02.AC_POWER,1/2/20 2:00:00,5.915769349
5000.01.001.INV02.AC_POWER,1/2/20 2:15:00,4.773998199
5000.01.001.INV02.AC_POWER,1/2/20 2:30:00,3.279866044
5000.01.001.INV02.AC_POWER,1/2/20 2:45:00,2.121969545
5000.01.001.INV02.AC_POWER,1/2/20 3:00:00,0.667494299
5000.01.001.INV02.AC_POWER,1/2/20 3:15:00,0
5000.01.001.INV02.AC_POWER,1/2/20 3:30:00,0
5000.01.001.INV02.AC_POWER,1/2/20 3:45:00,0
5000.01.001.INV02.AC_POWER,1/2/20 4:00:00,0
5000.01.001.INV02.AC_POWER,1/2/20 4:15:00,0
5000.01.001.INV02.AC_POWER,1/2/20 4:30:00,0
5000.01.001.INV02.AC_POWER,1/2/20 4:45:00,0
5000.01.001.INV02.AC_POWER,1/2/20 5:00:00,0
5000.01.001.INV02.AC_POWER,1/2/20 5:15:00,0
5000.01.001.INV02.AC_POWER,1/2/20 5:30:00,0
5000.01.001.INV02.AC_POWER,1/2/20 5:45:00,0
5000.01.001.INV02.AC_POWER,1/2/20 6:00:00,0
5000.01.001.INV02.AC_POWER,1/2/20 6:15:00,0
5000.01.001.INV02.AC_POWER,1/2/20 6:30:00,0
5000.01.001.INV02.AC_POWER,1/2/20 6:45:00,0
5000.01.001.INV03.AC_POWER,1/1/20 7:00:00,0
5000.01.001.INV03.AC_POWER,1/1/20 7:15:00,0
5000.01.001.INV03.AC_POWER,1/1/20 7:30:00,0
5000.01.001.INV03.AC_POWER,1/1/20 7:45:00,0
5000.01.001.INV03.AC_POWER,1/1/20 8:00:00,0
5000.01.001.INV03.AC_POWER,1/1/20 8:15:00,0
5000.01.001.INV03.AC_POWER,1/1/20 8:30:00,0
5000.01.001.INV03.AC_POWER,1/1/20 8:45:00,0
5000.01.001.INV03.AC_POWER,1/1/20 9:00:00,0
5000.01.001.INV03.AC_POWER,1/1/20 9:15:00,0
5000.01.001.INV03.AC_POWER,1/1/20 9:30:00,0
5000.01.001.INV03.AC_POWER,1/1/20 9:45:00,0
5000.01.001.INV03.AC_POWER,1/1/20 10:00:00,0
5000.01.001.INV03.AC_POWER,1/1/20 10:15:00,0
5000.01.001.INV03.AC_POWER,1/1/20 10:30:00,0
5000.01.001.INV03.AC_POWER,1/1/20 10:45:00,0
5000.01.001.INV03.AC_POWER,1/1/20 11:00:00,0
5000.01.001.INV03.AC_POWER,1/1/20 11:15:00,0
5000.01.001.INV03.AC_POWER,1/1/20 11:30:00,0
5000.01.001.INV03.AC_POWER,1/1/20 11:45:00,0
5000.01.001.INV03.AC_POWER,1/1/20 12:00:00,0
5000.01.001.INV03.AC_POWER,1/1/20 12:15:00,0
5000.01.001.INV03.AC_POWER,1/1/20 12:30:00,0
5000.01.001.INV03.AC_POWER,1/1/20 12:45:00,0
5000.01.001.INV03.AC_POWER,1/1/20 13:00:00,0
5000.01.001.INV03.AC_POWER,1/1/20 13:15:00,0
5000.01.001.INV03.AC_POWER,1/1/20 13:30:00,0.109357854
5000.01.001.INV03.AC_POWER,1/1/20 13:45:00,0.804443029
5000.01.001.INV03.AC_POWER,1/1/20 14:00:00,1.611328703
5000.01.001.INV03.AC_POWER,1/1/20 14:15:00,2.714684484
5000.01.001.INV03.AC_POWER,1/1/20 14:30:00,3.662577698
5000.01.001.INV03.AC_POWER,1/1/20 14:45:00,4.763222008
5000.01.001.INV03.AC_POWER,1/1/20 15:00:00,5.688289942
5000.01.001.INV03.AC_POWER,1/1/20 15:15:00,6.601208244
5000.01.001.INV03.AC_POWER,1/1/20 15:30:00,7.669371976
5000.01.001.INV03.AC_POWER,1/1/20 15:45:00,8.478817585
5000.01.001.INV03.AC_POWER,1/1/20 16:00:00,9.358476303
5000.01.001.INV03.AC_POWER,1/1/20 16:15:00,9.973717357
5000.01.001.INV03.AC_POWER,1/1/20 16:30:00,10.63567923
5000.01.001.INV03.AC_POWER,1/1/20 16:45:00,11.21437562
5000.01.001.INV03.AC_POWER,1/1/20 17:00:00,11.71741123
5000.01.001.INV03.AC_POWER,1/1/20 17:15:00,12.40999511
5000.01.001.INV03.AC_POWER,1/1/20 17:30:00,12.96023881
5000.01.001.INV03.AC_POWER,1/1/20 17:45:00,13.55780041
5000.01.001.INV03.AC_POWER,1/1/20 18:00:00,13.97578176
5000.01.001.INV03.AC_POWER,1/1/20 18:15:00,14.33325009
5000.01.001.INV03.AC_POWER,1/1/20 18:30:00,14.68519311
5000.01.001.INV03.AC_POWER,1/1/20 18:45:00,14.95632661
5000.01.001.INV03.AC_POWER,1/1/20 19:00:00,15.36622659
5000.01.001.INV03.AC_POWER,1/1/20 19:15:00,15.57132721
5000.01.001.INV03.AC_POWER,1/1/20 19:30:00,15.47922295
5000.01.001.INV03.AC_POWER,1/1/20 19:45:00,15.59167569
5000.01.001.INV03.AC_POWER,1/1/20 20:00:00,15.52339242
5000.01.001.INV03.AC_POWER,1/1/20 20:15:00,15.60006547
5000.01.001.INV03.AC_POWER,1/1/20 20:30:00,15.44138935
5000.01.001.INV03.AC_POWER,1/1/20 20:45:00,14.96036704
5000.01.001.INV03.AC_POWER,1/1/20 21:00:00,14.85457995
5000.01.001.INV03.AC_POWER,1/1/20 21:15:00,14.75929506
5000.01.001.INV03.AC_POWER,1/1/20 21:30:00,14.47724068
5000.01.001.INV03.AC_POWER,1/1/20 21:45:00,14.19222712
5000.01.001.INV03.AC_POWER,1/1/20 22:00:00,13.66058335
5000.01.001.INV03.AC_POWER,1/1/20 22:15:00,13.26436991
5000.01.001.INV03.AC_POWER,1/1/20 22:30:00,12.59560477
5000.01.001.INV03.AC_POWER,1/1/20 22:45:00,12.14529055
5000.01.001.INV03.AC_POWER,1/1/20 23:00:00,11.84482605
5000.01.001.INV03.AC_POWER,1/1/20 23:15:00,11.1080731
5000.01.001.INV03.AC_POWER,1/1/20 23:30:00,10.33848398
5000.01.001.INV03.AC_POWER,1/1/20 23:45:00,9.489800227
5000.01.001.INV03.AC_POWER,1/2/20 0:00:00,8.778512143
5000.01.001.INV03.AC_POWER,1/2/20 0:15:00,7.924642404
5000.01.001.INV03.AC_POWER,1/2/20 0:30:00,6.972001288
5000.01.001.INV03.AC_POWER,1/2/20 0:45:00,6.12478447
5000.01.001.INV03.AC_POWER,1/2/20 1:00:00,5.121818903
5000.01.001.INV03.AC_POWER,1/2/20 1:15:00,4.28784755
5000.01.001.INV03.AC_POWER,1/2/20 1:30:00,3.294437719
5000.01.001.INV03.AC_POWER,1/2/20 1:45:00,2.327487872
5000.01.001.INV03.AC_POWER,1/2/20 2:00:00,1.380649253
5000.01.001.INV03.AC_POWER,1/2/20 2:15:00,0.549626216
5000.01.001.INV03.AC_POWER,1/2/20 2:30:00,0.116935916
5000.01.001.INV03.AC_POWER,1/2/20 2:45:00,0
5000.01.001.INV03.AC_POWER,1/2/20 3:00:00,0
5000.01.001.INV03.AC_POWER,1/2/20 3:15:00,0
5000.01.001.INV03.AC_POWER,1/2/20 3:30:00,0
5000.01.001.INV03.AC_POWER,1/2/20 3:45:00,0
5000.01.001.INV03.AC_POWER,1/2/20 4:00:00,0
5000.01.001.INV03.AC_POWER,1/2/20 4:15:00,0
5000.01.001.INV03.AC_POWER,1/2/20 4:30:00,0
5000.01.001.INV03.AC_POWER,1/2/20 4:45:00,0
5000.01.001.INV03.AC_POWER,1/2/20 5:00:00,0
5000.01.001.INV03.AC_POWER,1/2/20 5:15:00,0
5000.01.001.INV03.AC_POWER,1/2/20 5:30:00,0
5000.01.001.INV03.AC_POWER,1/2/20 5:45:00,0
5000.01.001.INV03.AC_POWER,1/2/20 6:00:00,0
5000.01.001.INV03.AC_POWER,1/2/20 6:15:00,0
5000.01.001.INV03.AC_POWER,1/2/20 6:30:00,0
5000.01.001.INV03.AC_POWER,1/2/20 6:45:00,0
5000.01.001.INV01.AC_VOLTAGE,1/1/20 7:00:00,275
5000.01.001.INV01.AC_VOLTAGE,1/1/20 7:15:00,275
5000.01.001.INV01.AC_VOLTAGE,1/1/20 7:30:00,275
5000.01.001.INV01.AC_VOLTAGE,1/1/20 7:45:00,275
5000.01.001.INV01.AC_VOLTAGE,1/1/20 8:00:00,275
5000.01.001.INV01.AC_VOLTAGE,1/1/20 8:15:00,275
5000.01.001.INV01.AC_VOLTAGE,1/1/20 8:30:00,275
5000.01.001.INV01.AC_VOLTAGE,1/1/20 8:45:00,275
5000.01.001.INV01.AC_VOLTAGE,1/1/20 9:00:00,275
5000.01.001.INV01.AC_VOLTAGE,1/1/20 9:15:00,275
5000.01.001.INV01.AC_VOLTAGE,1/1/20 9:30:00,275
5000.01.001.INV01.AC_VOLTAGE,1/1/20 9:45:00,275
5000.01.001.INV01.AC_VOLTAGE,1/1/20 10:00:00,275
5000.01.001.INV01.AC_VOLTAGE,1/1/20 10:15:00,275
5000.01.001.INV01.AC_VOLTAGE,1/1/20 10:30:00,275
5000.01.001.INV01.AC_VOLTAGE,1/1/20 10:45:00,275
5000.01.001.INV01.AC_VOLTAGE,1/1/20 11:00:00,275
5000.01.001.INV01.AC_VOLTAGE,1/1/20 11:15:00,275
5000.01.001.INV01.AC_VOLTAGE,1/1/20 11:30:00,275
5000.01.001.INV01.AC_VOLTAGE,1/1/20 11:45:00,275
5000.01.001.INV01.AC_VOLTAGE,1/1/20 12:00:00,275
5000.01.001.INV01.AC_VOLTAGE,1/1/20 12:15:00,275
5000.01.001.INV01.AC_VOLTAGE,1/1/20 12:30:00,275
5000.01.001.INV01.AC_VOLTAGE,1/1/20 12:45:00,275
5000.01.001.INV01.AC_VOLTAGE,1/1/20 13:00:00,275
5000.01.001.INV01.AC_VOLTAGE,1/1/20 13:15:00,275.0129106
5000.01.001.INV01.AC_VOLTAGE,1/1/20 13:30:00,275.1168441
5000.01.001.INV01.AC_VOLTAGE,1/1/20 13:45:00,275.4483006
5000.01.001.INV01.AC_VOLTAGE,1/1/20 14:00:00,276.0178427
5000.01.001.INV01.AC_VOLTAGE,1/1/20 14:15:00,276.8717251
5000.01.001.INV01.AC_VOLTAGE,1/1/20 14:30:00,277.9977048
5000.01.001.INV01.AC_VOLTAGE,1/1/20 14:45:00,279.448125
5000.01.001.INV01.AC_VOLTAGE,1/1/20 15:00:00,281.1754435
5000.01.001.INV01.AC_VOLTAGE,1/1/20 15:15:00,283.2261756
5000.01.001.INV01.AC_VOLTAGE,1/1/20 15:30:00,285.5191519
5000.01.001.INV01.AC_VOLTAGE,1/1/20 15:45:00,288.031592
5000.01.001.INV01.AC_VOLTAGE,1/1/20 16:00:00,290.7891018
5000.01.001.INV01.AC_VOLTAGE,1/1/20 16:15:00,293.7138655
5000.01.001.INV01.AC_VOLTAGE,1/1/20 16:30:00,296.8730993
5000.01.001.INV01.AC_VOLTAGE,1/1/20 16:45:00,300.1984939
5000.01.001.INV01.AC_VOLTAGE,1/1/20 17:00:00,303.6892133
5000.01.001.INV01.AC_VOLTAGE,1/1/20 17:15:00,307.3734385
5000.01.001.INV01.AC_VOLTAGE,1/1/20 17:30:00,311.2324247
5000.01.001.INV01.AC_VOLTAGE,1/1/20 17:45:00,315.2071125
5000.01.001.INV01.AC_VOLTAGE,1/1/20 18:00:00,319.2889944
5000.01.001.INV01.AC_VOLTAGE,1/1/20 18:15:00,323.4573164
5000.01.001.INV01.AC_VOLTAGE,1/1/20 18:30:00,327.7216555
5000.01.001.INV01.AC_VOLTAGE,1/1/20 18:45:00,332.0673393
5000.01.001.INV01.AC_VOLTAGE,1/1/20 19:00:00,336.4844773
5000.01.001.INV01.AC_VOLTAGE,1/1/20 19:15:00,340.9828023
5000.01.001.INV01.AC_VOLTAGE,1/1/20 19:30:00,345.5081908
5000.01.001.INV01.AC_VOLTAGE,1/1/20 19:45:00,350.0361097
5000.01.001.INV01.AC_VOLTAGE,1/1/20 20:00:00,354.5093853
5000.01.001.INV01.AC_VOLTAGE,1/1/20 20:15:00,359.0049149
5000.01.001.INV01.AC_VOLTAGE,1/1/20 20:30:00,363.4789653
5000.01.001.INV01.AC_VOLTAGE,1/1/20 20:45:00,367.8546588
5000.01.001.INV01.AC_VOLTAGE,1/1/20 21:00:00,372.2264205
5000.01.001.INV01.AC_VOLTAGE,1/1/20 21:15:00,376.5889339
5000.01.001.INV01.AC_VOLTAGE,1/1/20 21:30:00,380.7873756
5000.01.001.INV01.AC_VOLTAGE,1/1/20 21:45:00,384.8512472
5000.01.001.INV01.AC_VOLTAGE,1/1/20 22:00:00,388.8102637
5000.01.001.INV01.AC_VOLTAGE,1/1/20 22:15:00,392.6649201
5000.01.001.INV01.AC_VOLTAGE,1/1/20 22:30:00,396.3455827
5000.01.001.INV01.AC_VOLTAGE,1/1/20 22:45:00,399.8619736
5000.01.001.INV01.AC_VOLTAGE,1/1/20 23:00:00,403.2452597
5000.01.001.INV01.AC_VOLTAGE,1/1/20 23:15:00,406.4546215
5000.01.001.INV01.AC_VOLTAGE,1/1/20 23:30:00,409.4578844
5000.01.001.INV01.AC_VOLTAGE,1/1/20 23:45:00,412.2058812
5000.01.001.INV01.AC_VOLTAGE,1/2/20 0:00:00,414.7341303
5000.01.001.INV01.AC_VOLTAGE,1/2/20 0:15:00,417.0306247
5000.01.001.INV01.AC_VOLTAGE,1/2/20 0:30:00,419.0419767
5000.01.001.INV01.AC_VOLTAGE,1/2/20 0:45:00,420.7902018
5000.01.001.INV01.AC_VOLTAGE,1/2/20 1:00:00,422.1948332
5000.01.001.INV01.AC_VOLTAGE,1/2/20 1:15:00,423.3056818
5000.01.001.INV01.AC_VOLTAGE,1/2/20 1:30:00,424.1850957
5000.01.001.INV01.AC_VOLTAGE,1/2/20 1:45:00,424.8005314
5000.01.001.INV01.AC_VOLTAGE,1/2/20 2:00:00,425.1740565
5000.01.001.INV01.AC_VOLTAGE,1/2/20 2:15:00,425.3585812
5000.01.001.INV01.AC_VOLTAGE,1/2/20 2:30:00,425.4030536
5000.01.001.INV01.AC_VOLTAGE,1/2/20 2:45:00,425.4030536
5000.01.001.INV01.AC_VOLTAGE,1/2/20 3:00:00,425.4030536
5000.01.001.INV01.AC_VOLTAGE,1/2/20 3:15:00,425.4030536
5000.01.001.INV01.AC_VOLTAGE,1/2/20 3:30:00,425.4030536
5000.01.001.INV01.AC_VOLTAGE,1/2/20 3:45:00,425.4030536
5000.01.001.INV01.AC_VOLTAGE,1/2/20 4:00:00,425.4030536
5000.01.001.INV01.AC_VOLTAGE,1/2/20 4:15:00,425.4030536
5000.01.001.INV01.AC_VOLTAGE,1/2/20 4:30:00,425.4030536
5000.01.001.INV01.AC_VOLTAGE,1/2/20 4:45:00,425.4030536
5000.01.001.INV01.AC_VOLTAGE,1/2/20 5:00:00,425.4030536
5000.01.001.INV01.AC_VOLTAGE,1/2/20 5:15:00,425.4030536
5000.01.001.INV01.AC_VOLTAGE,1/2/20 5:30:00,425.4030536
5000.01.001.INV01.AC_VOLTAGE,1/2/20 5:45:00,425.4030536
5000.01.001.INV01.AC_VOLTAGE,1/2/20 6:00:00,425.4030536
5000.01.001.INV01.AC_VOLTAGE,1/2/20 6:15:00,425.4030536
5000.01.001.INV01.AC_VOLTAGE,1/2/20 6:30:00,425.4030536
5000.01.001.INV01.AC_VOLTAGE,1/2/20 6:45:00,425.4030536
5000.01.001.INV02.AC_VOLTAGE,1/1/20 7:00:00,125.4030536
5000.01.001.INV02.AC_VOLTAGE,1/1/20 7:15:00,125.4030536
5000.01.001.INV02.AC_VOLTAGE,1/1/20 7:30:00,125.4030536
5000.01.001.INV02.AC_VOLTAGE,1/1/20 7:45:00,125.4030536
5000.01.001.INV02.AC_VOLTAGE,1/1/20 8:00:00,125.4030536
5000.01.001.INV02.AC_VOLTAGE,1/1/20 8:15:00,125.4030536
5000.01.001.INV02.AC_VOLTAGE,1/1/20 8:30:00,125.4030536
5000.01.001.INV02.AC_VOLTAGE,1/1/20 8:45:00,125.4030536
5000.01.001.INV02.AC_VOLTAGE,1/1/20 9:00:00,125.4030536
5000.01.001.INV02.AC_VOLTAGE,1/1/20 9:15:00,125.4030536
5000.01.001.INV02.AC_VOLTAGE,1/1/20 9:30:00,125.4030536
5000.01.001.INV02.AC_VOLTAGE,1/1/20 9:45:00,125.4030536
5000.01.001.INV02.AC_VOLTAGE,1/1/20 10:00:00,125.4030536
5000.01.001.INV02.AC_VOLTAGE,1/1/20 10:15:00,125.4030536
5000.01.001.INV02.AC_VOLTAGE,1/1/20 10:30:00,125.4030536
5000.01.001.INV02.AC_VOLTAGE,1/1/20 10:45:00,125.4030536
5000.01.001.INV02.AC_VOLTAGE,1/1/20 11:00:00,125.4030536
5000.01.001.INV02.AC_VOLTAGE,1/1/20 11:15:00,125.4030536
5000.01.001.INV02.AC_VOLTAGE,1/1/20 11:30:00,125.4030536
5000.01.001.INV02.AC_VOLTAGE,1/1/20 11:45:00,125.4030536
5000.01.001.INV02.AC_VOLTAGE,1/1/20 12:00:00,125.4030536
5000.01.001.INV02.AC_VOLTAGE,1/1/20 12:15:00,125.4030536
5000.01.001.INV02.AC_VOLTAGE,1/1/20 12:30:00,125.4030536
5000.01.001.INV02.AC_VOLTAGE,1/1/20 12:45:00,125.4030536
5000.01.001.INV02.AC_VOLTAGE,1/1/20 13:00:00,125.4030536
5000.01.001.INV02.AC_VOLTAGE,1/1/20 13:15:00,125.404193
5000.01.001.INV02.AC_VOLTAGE,1/1/20 13:30:00,125.4321433
5000.01.001.INV02.AC_VOLTAGE,1/1/20 13:45:00,125.5775525
5000.01.001.INV02.AC_VOLTAGE,1/1/20 14:00:00,125.8851919
5000.01.001.INV02.AC_VOLTAGE,1/1/20 14:15:00,126.4170889
5000.01.001.INV02.AC_VOLTAGE,1/1/20 14:30:00,127.1642945
5000.01.001.INV02.AC_VOLTAGE,1/1/20 14:45:00,128.1712395
5000.01.001.INV02.AC_VOLTAGE,1/1/20 15:00:00,129.4008936
5000.01.001.INV02.AC_VOLTAGE,1/1/20 15:15:00,130.9033124
5000.01.001.INV02.AC_VOLTAGE,1/1/20 15:30:00,132.6221149
5000.01.001.INV02.AC_VOLTAGE,1/1/20 15:45:00,134.5462091
5000.01.001.INV02.AC_VOLTAGE,1/1/20 16:00:00,136.7190318
5000.01.001.INV02.AC_VOLTAGE,1/1/20 16:15:00,139.0718492
5000.01.001.INV02.AC_VOLTAGE,1/1/20 16:30:00,141.606813
5000.01.001.INV02.AC_VOLTAGE,1/1/20 16:45:00,144.3391653
5000.01.001.INV02.AC_VOLTAGE,1/1/20 17:00:00,147.258165
5000.01.001.INV02.AC_VOLTAGE,1/1/20 17:15:00,150.3731062
5000.01.001.INV02.AC_VOLTAGE,1/1/20 17:30:00,153.6565785
5000.01.001.INV02.AC_VOLTAGE,1/1/20 17:45:00,157.0725772
5000.01.001.INV02.AC_VOLTAGE,1/1/20 18:00:00,160.6150048
5000.01.001.INV02.AC_VOLTAGE,1/1/20 18:15:00,164.2709693
5000.01.001.INV02.AC_VOLTAGE,1/1/20 18:30:00,168.0455829
5000.01.001.INV02.AC_VOLTAGE,1/1/20 18:45:00,171.9333295
5000.01.001.INV02.AC_VOLTAGE,1/1/20 19:00:00,175.931786
5000.01.001.INV02.AC_VOLTAGE,1/1/20 19:15:00,179.9827258
5000.01.001.INV02.AC_VOLTAGE,1/1/20 19:30:00,184.0635117
5000.01.001.INV02.AC_VOLTAGE,1/1/20 19:45:00,188.2027162
5000.01.001.INV02.AC_VOLTAGE,1/1/20 20:00:00,192.3659653
5000.01.001.INV02.AC_VOLTAGE,1/1/20 20:15:00,196.5708058
5000.01.001.INV02.AC_VOLTAGE,1/1/20 20:30:00,200.8072885
5000.01.001.INV02.AC_VOLTAGE,1/1/20 20:45:00,205.0166637
5000.01.001.INV02.AC_VOLTAGE,1/1/20 21:00:00,209.2118226
5000.01.001.INV02.AC_VOLTAGE,1/1/20 21:15:00,213.3986946
5000.01.001.INV02.AC_VOLTAGE,1/1/20 21:30:00,217.5716663
5000.01.001.INV02.AC_VOLTAGE,1/1/20 21:45:00,221.6597526
5000.01.001.INV02.AC_VOLTAGE,1/1/20 22:00:00,225.6891826
5000.01.001.INV02.AC_VOLTAGE,1/1/20 22:15:00,229.6641797
5000.01.001.INV02.AC_VOLTAGE,1/1/20 22:30:00,233.5150816
5000.01.001.INV02.AC_VOLTAGE,1/1/20 22:45:00,237.2821988
5000.01.001.INV02.AC_VOLTAGE,1/1/20 23:00:00,240.9969245
5000.01.001.INV02.AC_VOLTAGE,1/1/20 23:15:00,244.5823284
5000.01.001.INV02.AC_VOLTAGE,1/1/20 23:30:00,248.0237919
5000.01.001.INV02.AC_VOLTAGE,1/1/20 23:45:00,251.2784554
5000.01.001.INV02.AC_VOLTAGE,1/2/20 0:00:00,254.386697
5000.01.001.INV02.AC_VOLTAGE,1/2/20 0:15:00,257.3414362
5000.01.001.INV02.AC_VOLTAGE,1/2/20 0:30:00,260.0771937
5000.01.001.INV02.AC_VOLTAGE,1/2/20 0:45:00,262.626396
5000.01.001.INV02.AC_VOLTAGE,1/2/20 1:00:00,264.970156
5000.01.001.INV02.AC_VOLTAGE,1/2/20 1:15:00,267.1288352
5000.01.001.INV02.AC_VOLTAGE,1/2/20 1:30:00,269.0772669
5000.01.001.INV02.AC_VOLTAGE,1/2/20 1:45:00,270.7860175
5000.01.001.INV02.AC_VOLTAGE,1/2/20 2:00:00,272.2649598
5000.01.001.INV02.AC_VOLTAGE,1/2/20 2:15:00,273.4584593
5000.01.001.INV02.AC_VOLTAGE,1/2/20 2:30:00,274.2784258
5000.01.001.INV02.AC_VOLTAGE,1/2/20 2:45:00,274.8089182
5000.01.001.INV02.AC_VOLTAGE,1/2/20 3:00:00,274.9757918
5000.01.001.INV02.AC_VOLTAGE,1/2/20 3:15:00,274.9757918
5000.01.001.INV02.AC_VOLTAGE,1/2/20 3:30:00,274.9757918
5000.01.001.INV02.AC_VOLTAGE,1/2/20 3:45:00,274.9757918
5000.01.001.INV02.AC_VOLTAGE,1/2/20 4:00:00,274.9757918
5000.01.001.INV02.AC_VOLTAGE,1/2/20 4:15:00,274.9757918
5000.01.001.INV02.AC_VOLTAGE,1/2/20 4:30:00,274.9757918
5000.01.001.INV02.AC_VOLTAGE,1/2/20 4:45:00,274.9757918
5000.01.001.INV02.AC_VOLTAGE,1/2/20 5:00:00,274.9757918
5000.01.001.INV02.AC_VOLTAGE,1/2/20 5:15:00,274.9757918
5000.01.001.INV02.AC_VOLTAGE,1/2/20 5:30:00,274.9757918
5000.01.001.INV02.AC_VOLTAGE,1/2/20 5:45:00,274.9757918
5000.01.001.INV02.AC_VOLTAGE,1/2/20 6:00:00,274.9757918
5000.01.001.INV02.AC_VOLTAGE,1/2/20 6:15:00,274.9757918
5000.01.001.INV02.AC_VOLTAGE,1/2/20 6:30:00,274.9757918
5000.01.001.INV02.AC_VOLTAGE,1/2/20 6:45:00,274.9757918
5000.01.001.INV03.AC_VOLTAGE,1/1/20 7:00:00,174.9757918
5000.01.001.INV03.AC_VOLTAGE,1/1/20 7:15:00,174.9757918
5000.01.001.INV03.AC_VOLTAGE,1/1/20 7:30:00,174.9757918
5000.01.001.INV03.AC_VOLTAGE,1/1/20 7:45:00,174.9757918
5000.01.001.INV03.AC_VOLTAGE,1/1/20 8:00:00,174.9757918
5000.01.001.INV03.AC_VOLTAGE,1/1/20 8:15:00,174.9757918
5000.01.001.INV03.AC_VOLTAGE,1/1/20 8:30:00,174.9757918
5000.01.001.INV03.AC_VOLTAGE,1/1/20 8:45:00,174.9757918
5000.01.001.INV03.AC_VOLTAGE,1/1/20 9:00:00,174.9757918
5000.01.001.INV03.AC_VOLTAGE,1/1/20 9:15:00,174.9757918
5000.01.001.INV03.AC_VOLTAGE,1/1/20 9:30:00,174.9757918
5000.01.001.INV03.AC_VOLTAGE,1/1/20 9:45:00,174.9757918
5000.01.001.INV03.AC_VOLTAGE,1/1/20 10:00:00,174.9757918
5000.01.001.INV03.AC_VOLTAGE,1/1/20 10:15:00,174.9757918
5000.01.001.INV03.AC_VOLTAGE,1/1/20 10:30:00,174.9757918
5000.01.001.INV03.AC_VOLTAGE,1/1/20 10:45:00,174.9757918
5000.01.001.INV03.AC_VOLTAGE,1/1/20 11:00:00,174.9757918
5000.01.001.INV03.AC_VOLTAGE,1/1/20 11:15:00,174.9757918
5000.01.001.INV03.AC_VOLTAGE,1/1/20 11:30:00,174.9757918
5000.01.001.INV03.AC_VOLTAGE,1/1/20 11:45:00,174.9757918
5000.01.001.INV03.AC_VOLTAGE,1/1/20 12:00:00,174.9757918
5000.01.001.INV03.AC_VOLTAGE,1/1/20 12:15:00,174.9757918
5000.01.001.INV03.AC_VOLTAGE,1/1/20 12:30:00,174.9757918
5000.01.001.INV03.AC_VOLTAGE,1/1/20 12:45:00,174.9757918
5000.01.001.INV03.AC_VOLTAGE,1/1/20 13:00:00,174.9757918
5000.01.001.INV03.AC_VOLTAGE,1/1/20 13:15:00,174.9757918
5000.01.001.INV03.AC_VOLTAGE,1/1/20 13:30:00,175.0031313
5000.01.001.INV03.AC_VOLTAGE,1/1/20 13:45:00,175.204242
5000.01.001.INV03.AC_VOLTAGE,1/1/20 14:00:00,175.6070742
5000.01.001.INV03.AC_VOLTAGE,1/1/20 14:15:00,176.2857453
5000.01.001.INV03.AC_VOLTAGE,1/1/20 14:30:00,177.2013898
5000.01.001.INV03.AC_VOLTAGE,1/1/20 14:45:00,178.3921953
5000.01.001.INV03.AC_VOLTAGE,1/1/20 15:00:00,179.8142677
5000.01.001.INV03.AC_VOLTAGE,1/1/20 15:15:00,181.4645698
5000.01.001.INV03.AC_VOLTAGE,1/1/20 15:30:00,183.3819128
5000.01.001.INV03.AC_VOLTAGE,1/1/20 15:45:00,185.5016172
5000.01.001.INV03.AC_VOLTAGE,1/1/20 16:00:00,187.8412363
5000.01.001.INV03.AC_VOLTAGE,1/1/20 16:15:00,190.3346656
5000.01.001.INV03.AC_VOLTAGE,1/1/20 16:30:00,192.9935854
5000.01.001.INV03.AC_VOLTAGE,1/1/20 16:45:00,195.7971793
5000.01.001.INV03.AC_VOLTAGE,1/1/20 17:00:00,198.7265321
5000.01.001.INV03.AC_VOLTAGE,1/1/20 17:15:00,201.8290309
5000.01.001.INV03.AC_VOLTAGE,1/1/20 17:30:00,205.0690906
5000.01.001.INV03.AC_VOLTAGE,1/1/20 17:45:00,208.4585407
5000.01.001.INV03.AC_VOLTAGE,1/1/20 18:00:00,211.9524861
5000.01.001.INV03.AC_VOLTAGE,1/1/20 18:15:00,215.5357987
5000.01.001.INV03.AC_VOLTAGE,1/1/20 18:30:00,219.2070969
5000.01.001.INV03.AC_VOLTAGE,1/1/20 18:45:00,222.9461786
5000.01.001.INV03.AC_VOLTAGE,1/1/20 19:00:00,226.7877352
5000.01.001.INV03.AC_VOLTAGE,1/1/20 19:15:00,230.680567
5000.01.001.INV03.AC_VOLTAGE,1/1/20 19:30:00,234.5503728
5000.01.001.INV03.AC_VOLTAGE,1/1/20 19:45:00,238.4482917
5000.01.001.INV03.AC_VOLTAGE,1/1/20 20:00:00,242.3291398
5000.01.001.INV03.AC_VOLTAGE,1/1/20 20:15:00,246.2291562
5000.01.001.INV03.AC_VOLTAGE,1/1/20 20:30:00,250.0895035
5000.01.001.INV03.AC_VOLTAGE,1/1/20 20:45:00,253.8295953
5000.01.001.INV03.AC_VOLTAGE,1/1/20 21:00:00,257.5432403
5000.01.001.INV03.AC_VOLTAGE,1/1/20 21:15:00,261.233064
5000.01.001.INV03.AC_VOLTAGE,1/1/20 21:30:00,264.8523742
5000.01.001.INV03.AC_VOLTAGE,1/1/20 21:45:00,268.400431
5000.01.001.INV03.AC_VOLTAGE,1/1/20 22:00:00,271.8155768
5000.01.001.INV03.AC_VOLTAGE,1/1/20 22:15:00,275.1316693
5000.01.001.INV03.AC_VOLTAGE,1/1/20 22:30:00,278.2805705
5000.01.001.INV03.AC_VOLTAGE,1/1/20 22:45:00,281.3168931
5000.01.001.INV03.AC_VOLTAGE,1/1/20 23:00:00,284.2780996
5000.01.001.INV03.AC_VOLTAGE,1/1/20 23:15:00,287.0551179
5000.01.001.INV03.AC_VOLTAGE,1/1/20 23:30:00,289.6397389
5000.01.001.INV03.AC_VOLTAGE,1/1/20 23:45:00,292.012189
5000.01.001.INV03.AC_VOLTAGE,1/2/20 0:00:00,294.206817
5000.01.001.INV03.AC_VOLTAGE,1/2/20 0:15:00,296.1879776
5000.01.001.INV03.AC_VOLTAGE,1/2/20 0:30:00,297.9309779
5000.01.001.INV03.AC_VOLTAGE,1/2/20 0:45:00,299.462174
5000.01.001.INV03.AC_VOLTAGE,1/2/20 1:00:00,300.7426288
5000.01.001.INV03.AC_VOLTAGE,1/2/20 1:15:00,301.8145907
5000.01.001.INV03.AC_VOLTAGE,1/2/20 1:30:00,302.6382001
5000.01.001.INV03.AC_VOLTAGE,1/2/20 1:45:00,303.220072
5000.01.001.INV03.AC_VOLTAGE,1/2/20 2:00:00,303.5652344
5000.01.001.INV03.AC_VOLTAGE,1/2/20 2:15:00,303.7026409
5000.01.001.INV03.AC_VOLTAGE,1/2/20 2:30:00,303.7318749
5000.01.001.INV03.AC_VOLTAGE,1/2/20 2:45:00,303.7318749
5000.01.001.INV03.AC_VOLTAGE,1/2/20 3:00:00,303.7318749
5000.01.001.INV03.AC_VOLTAGE,1/2/20 3:15:00,303.7318749
5000.01.001.INV03.AC_VOLTAGE,1/2/20 3:30:00,303.7318749
5000.01.001.INV03.AC_VOLTAGE,1/2/20 3:45:00,303.7318749
5000.01.001.INV03.AC_VOLTAGE,1/2/20 4:00:00,303.7318749
5000.01.001.INV03.AC_VOLTAGE,1/2/20 4:15:00,303.7318749
5000.01.001.INV03.AC_VOLTAGE,1/2/20 4:30:00,303.7318749
5000.01.001.INV03.AC_VOLTAGE,1/2/20 4:45:00,303.7318749
5000.01.001.INV03.AC_VOLTAGE,1/2/20 5:00:00,303.7318749
5000.01.001.INV03.AC_VOLTAGE,1/2/20 5:15:00,303.7318749
5000.01.001.INV03.AC_VOLTAGE,1/2/20 5:30:00,303.7318749
5000.01.001.INV03.AC_VOLTAGE,1/2/20 5:45:00,303.7318749
5000.01.001.INV03.AC_VOLTAGE,1/2/20 6:00:00,303.7318749
5000.01.001.INV03.AC_VOLTAGE,1/2/20 6:15:00,303.7318749
5000.01.001.INV03.AC_VOLTAGE,1/2/20 6:30:00,303.7318749
5000.01.001.INV03.AC_VOLTAGE,1/2/20 6:45:00,303.7318749
5000.01.001.INV01.ENERGY_DELIVERED,1/1/20 7:00:00,275
5000.01.001.INV01.ENERGY_DELIVERED,1/1/20 7:15:00,275
5000.01.001.INV01.ENERGY_DELIVERED,1/1/20 7:30:00,275
5000.01.001.INV01.ENERGY_DELIVERED,1/1/20 7:45:00,275
5000.01.001.INV01.ENERGY_DELIVERED,1/1/20 8:00:00,275
5000.01.001.INV01.ENERGY_DELIVERED,1/1/20 8:15:00,275
5000.01.001.INV01.ENERGY_DELIVERED,1/1/20 8:30:00,275
5000.01.001.INV01.ENERGY_DELIVERED,1/1/20 8:45:00,275
5000.01.001.INV01.ENERGY_DELIVERED,1/1/20 9:00:00,275
5000.01.001.INV01.ENERGY_DELIVERED,1/1/20 9:15:00,275
5000.01.001.INV01.ENERGY_DELIVERED,1/1/20 9:30:00,275
5000.01.001.INV01.ENERGY_DELIVERED,1/1/20 9:45:00,275
5000.01.001.INV01.ENERGY_DELIVERED,1/1/20 10:00:00,275
5000.01.001.INV01.ENERGY_DELIVERED,1/1/20 10:15:00,275
5000.01.001.INV01.ENERGY_DELIVERED,1/1/20 10:30:00,275
5000.01.001.INV01.ENERGY_DELIVERED,1/1/20 10:45:00,275
5000.01.001.INV01.ENERGY_DELIVERED,1/1/20 11:00:00,275
5000.01.001.INV01.ENERGY_DELIVERED,1/1/20 11:15:00,275
5000.01.001.INV01.ENERGY_DELIVERED,1/1/20 11:30:00,275
5000.01.001.INV01.ENERGY_DELIVERED,1/1/20 11:45:00,275
5000.01.001.INV01.ENERGY_DELIVERED,1/1/20 12:00:00,275
5000.01.001.INV01.ENERGY_DELIVERED,1/1/20 12:15:00,275
5000.01.001.INV01.ENERGY_DELIVERED,1/1/20 12:30:00,275
5000.01.001.INV01.ENERGY_DELIVERED,1/1/20 12:45:00,275
5000.01.001.INV01.ENERGY_DELIVERED,1/1/20 13:00:00,275
5000.01.001.INV01.ENERGY_DELIVERED,1/1/20 13:15:00,275.0129106
5000.01.001.INV01.ENERGY_DELIVERED,1/1/20 13:30:00,275.1168441
5000.01.001.INV01.ENERGY_DELIVERED,1/1/20 13:45:00,275.4483006
5000.01.001.INV01.ENERGY_DELIVERED,1/1/20 14:00:00,276.0178427
5000.01.001.INV01.ENERGY_DELIVERED,1/1/20 14:15:00,276.8717251
5000.01.001.INV01.ENERGY_DELIVERED,1/1/20 14:30:00,277.9977048
5000.01.001.INV01.ENERGY_DELIVERED,1/1/20 14:45:00,279.448125
5000.01.001.INV01.ENERGY_DELIVERED,1/1/20 15:00:00,281.1754435
5000.01.001.INV01.ENERGY_DELIVERED,1/1/20 15:15:00,283.2261756
5000.01.001.INV01.ENERGY_DELIVERED,1/1/20 15:30:00,285.5191519
5000.01.001.INV01.ENERGY_DELIVERED,1/1/20 15:45:00,288.031592
5000.01.001.INV01.ENERGY_DELIVERED,1/1/20 16:00:00,290.7891018
5000.01.001.INV01.ENERGY_DELIVERED,1/1/20 16:15:00,293.7138655
5000.01.001.INV01.ENERGY_DELIVERED,1/1/20 16:30:00,296.8730993
5000.01.001.INV01.ENERGY_DELIVERED,1/1/20 16:45:00,300.1984939
5000.01.001.INV01.ENERGY_DELIVERED,1/1/20 17:00:00,303.6892133
5000.01.001.INV01.ENERGY_DELIVERED,1/1/20 17:15:00,307.3734385
5000.01.001.INV01.ENERGY_DELIVERED,1/1/20 17:30:00,311.2324247
5000.01.001.INV01.ENERGY_DELIVERED,1/1/20 17:45:00,315.2071125
5000.01.001.INV01.ENERGY_DELIVERED,1/1/20 18:00:00,319.2889944
5000.01.001.INV01.ENERGY_DELIVERED,1/1/20 18:15:00,323.4573164
5000.01.001.INV01.ENERGY_DELIVERED,1/1/20 18:30:00,327.7216555
5000.01.001.INV01.ENERGY_DELIVERED,1/1/20 18:45:00,332.0673393
5000.01.001.INV01.ENERGY_DELIVERED,1/1/20 19:00:00,336.4844773
5000.01.001.INV01.ENERGY_DELIVERED,1/1/20 19:15:00,340.9828023
5000.01.001.INV01.ENERGY_DELIVERED,1/1/20 19:30:00,345.5081908
5000.01.001.INV01.ENERGY_DELIVERED,1/1/20 19:45:00,350.0361097
5000.01.001.INV01.ENERGY_DELIVERED,1/1/20 20:00:00,354.5093853
5000.01.001.INV01.ENERGY_DELIVERED,1/1/20 20:15:00,359.0049149
5000.01.001.INV01.ENERGY_DELIVERED,1/1/20 20:30:00,363.4789653
5000.01.001.INV01.ENERGY_DELIVERED,1/1/20 20:45:00,367.8546588
5000.01.001.INV01.ENERGY_DELIVERED,1/1/20 21:00:00,372.2264205
5000.01.001.INV01.ENERGY_DELIVERED,1/1/20 21:15:00,376.5889339
5000.01.001.INV01.ENERGY_DELIVERED,1/1/20 21:30:00,380.7873756
5000.01.001.INV01.ENERGY_DELIVERED,1/1/20 21:45:00,384.8512472
5000.01.001.INV01.ENERGY_DELIVERED,1/1/20 22:00:00,388.8102637
5000.01.001.INV01.ENERGY_DELIVERED,1/1/20 22:15:00,392.6649201
5000.01.001.INV01.ENERGY_DELIVERED,1/1/20 22:30:00,396.3455827
5000.01.001.INV01.ENERGY_DELIVERED,1/1/20 22:45:00,399.8619736
5000.01.001.INV01.ENERGY_DELIVERED,1/1/20 23:00:00,403.2452597
5000.01.001.INV01.ENERGY_DELIVERED,1/1/20 23:15:00,406.4546215
5000.01.001.INV01.ENERGY_DELIVERED,1/1/20 23:30:00,409.4578844
5000.01.001.INV01.ENERGY_DELIVERED,1/1/20 23:45:00,412.2058812
5000.01.001.INV01.ENERGY_DELIVERED,1/2/20 0:00:00,414.7341303
5000.01.001.INV01.ENERGY_DELIVERED,1/2/20 0:15:00,417.0306247
5000.01.001.INV01.ENERGY_DELIVERED,1/2/20 0:30:00,419.0419767
5000.01.001.INV01.ENERGY_DELIVERED,1/2/20 0:45:00,420.7902018
5000.01.001.INV01.ENERGY_DELIVERED,1/2/20 1:00:00,422.1948332
5000.01.001.INV01.ENERGY_DELIVERED,1/2/20 1:15:00,423.3056818
5000.01.001.INV01.ENERGY_DELIVERED,1/2/20 1:30:00,424.1850957
5000.01.001.INV01.ENERGY_DELIVERED,1/2/20 1:45:00,424.8005314
5000.01.001.INV01.ENERGY_DELIVERED,1/2/20 2:00:00,425.1740565
5000.01.001.INV01.ENERGY_DELIVERED,1/2/20 2:15:00,425.3585812
5000.01.001.INV01.ENERGY_DELIVERED,1/2/20 2:30:00,425.4030536
5000.01.001.INV01.ENERGY_DELIVERED,1/2/20 2:45:00,425.4030536
5000.01.001.INV01.ENERGY_DELIVERED,1/2/20 3:00:00,425.4030536
5000.01.001.INV01.ENERGY_DELIVERED,1/2/20 3:15:00,425.4030536
5000.01.001.INV01.ENERGY_DELIVERED,1/2/20 3:30:00,425.4030536
5000.01.001.INV01.ENERGY_DELIVERED,1/2/20 3:45:00,425.4030536
5000.01.001.INV01.ENERGY_DELIVERED,1/2/20 4:00:00,425.4030536
5000.01.001.INV01.ENERGY_DELIVERED,1/2/20 4:15:00,425.4030536
5000.01.001.INV01.ENERGY_DELIVERED,1/2/20 4:30:00,425.4030536
5000.01.001.INV01.ENERGY_DELIVERED,1/2/20 4:45:00,425.4030536
5000.01.001.INV01.ENERGY_DELIVERED,1/2/20 5:00:00,425.4030536
5000.01.001.INV01.ENERGY_DELIVERED,1/2/20 5:15:00,425.4030536
5000.01.001.INV01.ENERGY_DELIVERED,1/2/20 5:30:00,425.4030536
5000.01.001.INV01.ENERGY_DELIVERED,1/2/20 5:45:00,425.4030536
5000.01.001.INV01.ENERGY_DELIVERED,1/2/20 6:00:00,425.4030536
5000.01.001.INV01.ENERGY_DELIVERED,1/2/20 6:15:00,425.4030536
5000.01.001.INV01.ENERGY_DELIVERED,1/2/20 6:30:00,425.4030536
5000.01.001.INV01.ENERGY_DELIVERED,1/2/20 6:45:00,425.4030536
5000.01.001.INV02.ENERGY_DELIVERED,1/1/20 7:00:00,125.4030536
5000.01.001.INV02.ENERGY_DELIVERED,1/1/20 7:15:00,125.4030536
5000.01.001.INV02.ENERGY_DELIVERED,1/1/20 7:30:00,125.4030536
5000.01.001.INV02.ENERGY_DELIVERED,1/1/20 7:45:00,125.4030536
5000.01.001.INV02.ENERGY_DELIVERED,1/1/20 8:00:00,125.4030536
5000.01.001.INV02.ENERGY_DELIVERED,1/1/20 8:15:00,125.4030536
5000.01.001.INV02.ENERGY_DELIVERED,1/1/20 8:30:00,125.4030536
5000.01.001.INV02.ENERGY_DELIVERED,1/1/20 8:45:00,125.4030536
5000.01.001.INV02.ENERGY_DELIVERED,1/1/20 9:00:00,125.4030536
5000.01.001.INV02.ENERGY_DELIVERED,1/1/20 9:15:00,125.4030536
5000.01.001.INV02.ENERGY_DELIVERED,1/1/20 9:30:00,125.4030536
5000.01.001.INV02.ENERGY_DELIVERED,1/1/20 9:45:00,125.4030536
5000.01.001.INV02.ENERGY_DELIVERED,1/1/20 10:00:00,125.4030536
5000.01.001.INV02.ENERGY_DELIVERED,1/1/20 10:15:00,125.4030536
5000.01.001.INV02.ENERGY_DELIVERED,1/1/20 10:30:00,125.4030536
5000.01.001.INV02.ENERGY_DELIVERED,1/1/20 10:45:00,125.4030536
5000.01.001.INV02.ENERGY_DELIVERED,1/1/20 11:00:00,125.4030536
5000.01.001.INV02.ENERGY_DELIVERED,1/1/20 11:15:00,125.4030536
5000.01.001.INV02.ENERGY_DELIVERED,1/1/20 11:30:00,125.4030536
5000.01.001.INV02.ENERGY_DELIVERED,1/1/20 11:45:00,125.4030536
5000.01.001.INV02.ENERGY_DELIVERED,1/1/20 12:00:00,125.4030536
5000.01.001.INV02.ENERGY_DELIVERED,1/1/20 12:15:00,125.4030536
5000.01.001.INV02.ENERGY_DELIVERED,1/1/20 12:30:00,125.4030536
5000.01.001.INV02.ENERGY_DELIVERED,1/1/20 12:45:00,125.4030536
5000.01.001.INV02.ENERGY_DELIVERED,1/1/20 13:00:00,125.4030536
5000.01.001.INV02.ENERGY_DELIVERED,1/1/20 13:15:00,125.404193
5000.01.001.INV02.ENERGY_DELIVERED,1/1/20 13:30:00,125.4321433
5000.01.001.INV02.ENERGY_DELIVERED,1/1/20 13:45:00,125.5775525
5000.01.001.INV02.ENERGY_DELIVERED,1/1/20 14:00:00,125.8851919
5000.01.001.INV02.ENERGY_DELIVERED,1/1/20 14:15:00,126.4170889
5000.01.001.INV02.ENERGY_DELIVERED,1/1/20 14:30:00,127.1642945
5000.01.001.INV02.ENERGY_DELIVERED,1/1/20 14:45:00,128.1712395
5000.01.001.INV02.ENERGY_DELIVERED,1/1/20 15:00:00,129.4008936
5000.01.001.INV02.ENERGY_DELIVERED,1/1/20 15:15:00,130.9033124
5000.01.001.INV02.ENERGY_DELIVERED,1/1/20 15:30:00,132.6221149
5000.01.001.INV02.ENERGY_DELIVERED,1/1/20 15:45:00,134.5462091
5000.01.001.INV02.ENERGY_DELIVERED,1/1/20 16:00:00,136.7190318
5000.01.001.INV02.ENERGY_DELIVERED,1/1/20 16:15:00,139.0718492
5000.01.001.INV02.ENERGY_DELIVERED,1/1/20 16:30:00,141.606813
5000.01.001.INV02.ENERGY_DELIVERED,1/1/20 16:45:00,144.3391653
5000.01.001.INV02.ENERGY_DELIVERED,1/1/20 17:00:00,147.258165
5000.01.001.INV02.ENERGY_DELIVERED,1/1/20 17:15:00,150.3731062
5000.01.001.INV02.ENERGY_DELIVERED,1/1/20 17:30:00,153.6565785
5000.01.001.INV02.ENERGY_DELIVERED,1/1/20 17:45:00,157.0725772
5000.01.001.INV02.ENERGY_DELIVERED,1/1/20 18:00:00,160.6150048
5000.01.001.INV02.ENERGY_DELIVERED,1/1/20 18:15:00,164.2709693
5000.01.001.INV02.ENERGY_DELIVERED,1/1/20 18:30:00,168.0455829
5000.01.001.INV02.ENERGY_DELIVERED,1/1/20 18:45:00,171.9333295
5000.01.001.INV02.ENERGY_DELIVERED,1/1/20 19:00:00,175.931786
5000.01.001.INV02.ENERGY_DELIVERED,1/1/20 19:15:00,179.9827258
5000.01.001.INV02.ENERGY_DELIVERED,1/1/20 19:30:00,184.0635117
5000.01.001.INV02.ENERGY_DELIVERED,1/1/20 19:45:00,188.2027162
5000.01.001.INV02.ENERGY_DELIVERED,1/1/20 20:00:00,192.3659653
5000.01.001.INV02.ENERGY_DELIVERED,1/1/20 20:15:00,196.5708058
5000.01.001.INV02.ENERGY_DELIVERED,1/1/20 20:30:00,200.8072885
5000.01.001.INV02.ENERGY_DELIVERED,1/1/20 20:45:00,205.0166637
5000.01.001.INV02.ENERGY_DELIVERED,1/1/20 21:00:00,209.2118226
5000.01.001.INV02.ENERGY_DELIVERED,1/1/20 21:15:00,213.3986946
5000.01.001.INV02.ENERGY_DELIVERED,1/1/20 21:30:00,217.5716663
5000.01.001.INV02.ENERGY_DELIVERED,1/1/20 21:45:00,221.6597526
5000.01.001.INV02.ENERGY_DELIVERED,1/1/20 22:00:00,225.6891826
5000.01.001.INV02.ENERGY_DELIVERED,1/1/20 22:15:00,229.6641797
5000.01.001.INV02.ENERGY_DELIVERED,1/1/20 22:30:00,233.5150816
5000.01.001.INV02.ENERGY_DELIVERED,1/1/20 22:45:00,237.2821988
5000.01.001.INV02.ENERGY_DELIVERED,1/1/20 23:00:00,240.9969245
5000.01.001.INV02.ENERGY_DELIVERED,1/1/20 23:15:00,244.5823284
5000.01.001.INV02.ENERGY_DELIVERED,1/1/20 23:30:00,248.0237919
5000.01.001.INV02.ENERGY_DELIVERED,1/1/20 23:45:00,251.2784554
5000.01.001.INV02.ENERGY_DELIVERED,1/2/20 0:00:00,254.386697
5000.01.001.INV02.ENERGY_DELIVERED,1/2/20 0:15:00,257.3414362
5000.01.001.INV02.ENERGY_DELIVERED,1/2/20 0:30:00,260.0771937
5000.01.001.INV02.ENERGY_DELIVERED,1/2/20 0:45:00,262.626396
5000.01.001.INV02.ENERGY_DELIVERED,1/2/20 1:00:00,264.970156
5000.01.001.INV02.ENERGY_DELIVERED,1/2/20 1:15:00,267.1288352
5000.01.001.INV02.ENERGY_DELIVERED,1/2/20 1:30:00,269.0772669
5000.01.001.INV02.ENERGY_DELIVERED,1/2/20 1:45:00,270.7860175
5000.01.001.INV02.ENERGY_DELIVERED,1/2/20 2:00:00,272.2649598
5000.01.001.INV02.ENERGY_DELIVERED,1/2/20 2:15:00,273.4584593
5000.01.001.INV02.ENERGY_DELIVERED,1/2/20 2:30:00,274.2784258
5000.01.001.INV02.ENERGY_DELIVERED,1/2/20 2:45:00,274.8089182
5000.01.001.INV02.ENERGY_DELIVERED,1/2/20 3:00:00,274.9757918
5000.01.001.INV02.ENERGY_DELIVERED,1/2/20 3:15:00,274.9757918
5000.01.001.INV02.ENERGY_DELIVERED,1/2/20 3:30:00,274.9757918
5000.01.001.INV02.ENERGY_DELIVERED,1/2/20 3:45:00,274.9757918
5000.01.001.INV02.ENERGY_DELIVERED,1/2/20 4:00:00,274.9757918
5000.01.001.INV02.ENERGY_DELIVERED,1/2/20 4:15:00,274.9757918
5000.01.001.INV02.ENERGY_DELIVERED,1/2/20 4:30:00,274.9757918
5000.01.001.INV02.ENERGY_DELIVERED,1/2/20 4:45:00,274.9757918
5000.01.001.INV02.ENERGY_DELIVERED,1/2/20 5:00:00,274.9757918
5000.01.001.INV02.ENERGY_DELIVERED,1/2/20 5:15:00,274.9757918
5000.01.001.INV02.ENERGY_DELIVERED,1/2/20 5:30:00,274.9757918
5000.01.001.INV02.ENERGY_DELIVERED,1/2/20 5:45:00,274.9757918
5000.01.001.INV02.ENERGY_DELIVERED,1/2/20 6:00:00,274.9757918
5000.01.001.INV02.ENERGY_DELIVERED,1/2/20 6:15:00,274.9757918
5000.01.001.INV02.ENERGY_DELIVERED,1/2/20 6:30:00,274.9757918
5000.01.001.INV02.ENERGY_DELIVERED,1/2/20 6:45:00,274.9757918
5000.01.001.INV03.ENERGY_DELIVERED,1/1/20 7:00:00,174.9757918
5000.01.001.INV03.ENERGY_DELIVERED,1/1/20 7:15:00,174.9757918
5000.01.001.INV03.ENERGY_DELIVERED,1/1/20 7:30:00,174.9757918
5000.01.001.INV03.ENERGY_DELIVERED,1/1/20 7:45:00,174.9757918
5000.01.001.INV03.ENERGY_DELIVERED,1/1/20 8:00:00,174.9757918
5000.01.001.INV03.ENERGY_DELIVERED,1/1/20 8:15:00,174.9757918
5000.01.001.INV03.ENERGY_DELIVERED,1/1/20 8:30:00,174.9757918
5000.01.001.INV03.ENERGY_DELIVERED,1/1/20 8:45:00,174.9757918
5000.01.001.INV03.ENERGY_DELIVERED,1/1/20 9:00:00,174.9757918
5000.01.001.INV03.ENERGY_DELIVERED,1/1/20 9:15:00,174.9757918
5000.01.001.INV03.ENERGY_DELIVERED,1/1/20 9:30:00,174.9757918
5000.01.001.INV03.ENERGY_DELIVERED,1/1/20 9:45:00,174.9757918
5000.01.001.INV03.ENERGY_DELIVERED,1/1/20 10:00:00,174.9757918
5000.01.001.INV03.ENERGY_DELIVERED,1/1/20 10:15:00,174.9757918
5000.01.001.INV03.ENERGY_DELIVERED,1/1/20 10:30:00,174.9757918
5000.01.001.INV03.ENERGY_DELIVERED,1/1/20 10:45:00,174.9757918
5000.01.001.INV03.ENERGY_DELIVERED,1/1/20 11:00:00,174.9757918
5000.01.001.INV03.ENERGY_DELIVERED,1/1/20 11:15:00,174.9757918
5000.01.001.INV03.ENERGY_DELIVERED,1/1/20 11:30:00,174.9757918
5000.01.001.INV03.ENERGY_DELIVERED,1/1/20 11:45:00,174.9757918
5000.01.001.INV03.ENERGY_DELIVERED,1/1/20 12:00:00,174.9757918
5000.01.001.INV03.ENERGY_DELIVERED,1/1/20 12:15:00,174.9757918
5000.01.001.INV03.ENERGY_DELIVERED,1/1/20 12:30:00,174.9757918
5000.01.001.INV03.ENERGY_DELIVERED,1/1/20 12:45:00,174.9757918
5000.01.001.INV03.ENERGY_DELIVERED,1/1/20 13:00:00,174.9757918
5000.01.001.INV03.ENERGY_DELIVERED,1/1/20 13:15:00,174.9757918
5000.01.001.INV03.ENERGY_DELIVERED,1/1/20 13:30:00,175.0031313
5000.01.001.INV03.ENERGY_DELIVERED,1/1/20 13:45:00,175.204242
5000.01.001.INV03.ENERGY_DELIVERED,1/1/20 14:00:00,175.6070742
5000.01.001.INV03.ENERGY_DELIVERED,1/1/20 14:15:00,176.2857453
5000.01.001.INV03.ENERGY_DELIVERED,1/1/20 14:30:00,177.2013898
5000.01.001.INV03.ENERGY_DELIVERED,1/1/20 14:45:00,178.3921953
5000.01.001.INV03.ENERGY_DELIVERED,1/1/20 15:00:00,179.8142677
5000.01.001.INV03.ENERGY_DELIVERED,1/1/20 15:15:00,181.4645698
5000.01.001.INV03.ENERGY_DELIVERED,1/1/20 15:30:00,183.3819128
5000.01.001.INV03.ENERGY_DELIVERED,1/1/20 15:45:00,185.5016172
5000.01.001.INV03.ENERGY_DELIVERED,1/1/20 16:00:00,187.8412363
5000.01.001.INV03.ENERGY_DELIVERED,1/1/20 16:15:00,190.3346656
5000.01.001.INV03.ENERGY_DELIVERED,1/1/20 16:30:00,192.9935854
5000.01.001.INV03.ENERGY_DELIVERED,1/1/20 16:45:00,195.7971793
5000.01.001.INV03.ENERGY_DELIVERED,1/1/20 17:00:00,198.7265321
5000.01.001.INV03.ENERGY_DELIVERED,1/1/20 17:15:00,201.8290309
5000.01.001.INV03.ENERGY_DELIVERED,1/1/20 17:30:00,205.0690906
5000.01.001.INV03.ENERGY_DELIVERED,1/1/20 17:45:00,208.4585407
5000.01.001.INV03.ENERGY_DELIVERED,1/1/20 18:00:00,211.9524861
5000.01.001.INV03.ENERGY_DELIVERED,1/1/20 18:15:00,215.5357987
5000.01.001.INV03.ENERGY_DELIVERED,1/1/20 18:30:00,219.2070969
5000.01.001.INV03.ENERGY_DELIVERED,1/1/20 18:45:00,222.9461786
5000.01.001.INV03.ENERGY_DELIVERED,1/1/20 19:00:00,226.7877352
5000.01.001.INV03.ENERGY_DELIVERED,1/1/20 19:15:00,230.680567
5000.01.001.INV03.ENERGY_DELIVERED,1/1/20 19:30:00,234.5503728
5000.01.001.INV03.ENERGY_DELIVERED,1/1/20 19:45:00,238.4482917
5000.01.001.INV03.ENERGY_DELIVERED,1/1/20 20:00:00,242.3291398
5000.01.001.INV03.ENERGY_DELIVERED,1/1/20 20:15:00,246.2291562
5000.01.001.INV03.ENERGY_DELIVERED,1/1/20 20:30:00,250.0895035
5000.01.001.INV03.ENERGY_DELIVERED,1/1/20 20:45:00,253.8295953
5000.01.001.INV03.ENERGY_DELIVERED,1/1/20 21:00:00,257.5432403
5000.01.001.INV03.ENERGY_DELIVERED,1/1/20 21:15:00,261.233064
5000.01.001.INV03.ENERGY_DELIVERED,1/1/20 21:30:00,264.8523742
5000.01.001.INV03.ENERGY_DELIVERED,1/1/20 21:45:00,268.400431
5000.01.001.INV03.ENERGY_DELIVERED,1/1/20 22:00:00,271.8155768
5000.01.001.INV03.ENERGY_DELIVERED,1/1/20 22:15:00,275.1316693
5000.01.001.INV03.ENERGY_DELIVERED,1/1/20 22:30:00,278.2805705
5000.01.001.INV03.ENERGY_DELIVERED,1/1/20 22:45:00,281.3168931
5000.01.001.INV03.ENERGY_DELIVERED,1/1/20 23:00:00,284.2780996
5000.01.001.INV03.ENERGY_DELIVERED,1/1/20 23:15:00,287.0551179
5000.01.001.INV03.ENERGY_DELIVERED,1/1/20 23:30:00,289.6397389
5000.01.001.INV03.ENERGY_DELIVERED,1/1/20 23:45:00,292.012189
5000.01.001.INV03.ENERGY_DELIVERED,1/2/20 0:00:00,294.206817
5000.01.001.INV03.ENERGY_DELIVERED,1/2/20 0:15:00,296.1879776
5000.01.001.INV03.ENERGY_DELIVERED,1/2/20 0:30:00,297.9309779
5000.01.001.INV03.ENERGY_DELIVERED,1/2/20 0:45:00,299.462174
5000.01.001.INV03.ENERGY_DELIVERED,1/2/20 1:00:00,300.7426288
5000.01.001.INV03.ENERGY_DELIVERED,1/2/20 1:15:00,301.8145907
5000.01.001.INV03.ENERGY_DELIVERED,1/2/20 1:30:00,302.6382001
5000.01.001.INV03.ENERGY_DELIVERED,1/2/20 1:45:00,303.220072
5000.01.001.INV03.ENERGY_DELIVERED,1/2/20 2:00:00,303.5652344
5000.01.001.INV03.ENERGY_DELIVERED,1/2/20 2:15:00,303.7026409
5000.01.001.INV03.ENERGY_DELIVERED,1/2/20 2:30:00,303.7318749
5000.01.001.INV03.ENERGY_DELIVERED,1/2/20 2:45:00,303.7318749
5000.01.001.INV03.ENERGY_DELIVERED,1/2/20 3:00:00,303.7318749
5000.01.001.INV03.ENERGY_DELIVERED,1/2/20 3:15:00,303.7318749
5000.01.001.INV03.ENERGY_DELIVERED,1/2/20 3:30:00,303.7318749
5000.01.001.INV03.ENERGY_DELIVERED,1/2/20 3:45:00,303.7318749
5000.01.001.INV03.ENERGY_DELIVERED,1/2/20 4:00:00,303.7318749
5000.01.001.INV03.ENERGY_DELIVERED,1/2/20 4:15:00,303.7318749
5000.01.001.INV03.ENERGY_DELIVERED,1/2/20 4:30:00,303.7318749
5000.01.001.INV03.ENERGY_DELIVERED,1/2/20 4:45:00,303.7318749
5000.01.001.INV03.ENERGY_DELIVERED,1/2/20 5:00:00,303.7318749
5000.01.001.INV03.ENERGY_DELIVERED,1/2/20 5:15:00,303.7318749
5000.01.001.INV03.ENERGY_DELIVERED,1/2/20 5:30:00,303.7318749
5000.01.001.INV03.ENERGY_DELIVERED,1/2/20 5:45:00,303.7318749
5000.01.001.INV03.ENERGY_DELIVERED,1/2/20 6:00:00,303.7318749
5000.01.001.INV03.ENERGY_DELIVERED,1/2/20 6:15:00,303.7318749
5000.01.001.INV03.ENERGY_DELIVERED,1/2/20 6:30:00,303.7318749
5000.01.001.INV03.ENERGY_DELIVERED,1/2/20 6:45:00,303.7318749
5000.01.001.INV01.Frequency,1/1/20 7:00:00,0
5000.01.001.INV01.Frequency,1/1/20 7:15:00,0
5000.01.001.INV01.Frequency,1/1/20 7:30:00,0
5000.01.001.INV01.Frequency,1/1/20 7:45:00,0
5000.01.001.INV01.Frequency,1/1/20 8:00:00,0
5000.01.001.INV01.Frequency,1/1/20 8:15:00,0
5000.01.001.INV01.Frequency,1/1/20 8:30:00,0
5000.01.001.INV01.Frequency,1/1/20 8:45:00,0
5000.01.001.INV01.Frequency,1/1/20 9:00:00,0
5000.01.001.INV01.Frequency,1/1/20 9:15:00,0
5000.01.001.INV01.Frequency,1/1/20 9:30:00,0
5000.01.001.INV01.Frequency,1/1/20 9:45:00,0
5000.01.001.INV01.Frequency,1/1/20 10:00:00,0
5000.01.001.INV01.Frequency,1/1/20 10:15:00,0
5000.01.001.INV01.Frequency,1/1/20 10:30:00,0
5000.01.001.INV01.Frequency,1/1/20 10:45:00,0
5000.01.001.INV01.Frequency,1/1/20 11:00:00,0
5000.01.001.INV01.Frequency,1/1/20 11:15:00,0
5000.01.001.INV01.Frequency,1/1/20 11:30:00,0
5000.01.001.INV01.Frequency,1/1/20 11:45:00,0
5000.01.001.INV01.Frequency,1/1/20 12:00:00,0
5000.01.001.INV01.Frequency,1/1/20 12:15:00,0
5000.01.001.INV01.Frequency,1/1/20 12:30:00,30.74326982
5000.01.001.INV01.Frequency,1/1/20 12:45:00,49.9394823
5000.01.001.INV01.Frequency,1/1/20 13:00:00,49.94425177
5000.01.001.INV01.Frequency,1/1/20 13:15:00,49.96051844
5000.01.001.INV01.Frequency,1/1/20 13:30:00,49.96168869
5000.01.001.INV01.Frequency,1/1/20 13:45:00,50
5000.01.001.INV01.Frequency,1/1/20 14:00:00,50
5000.01.001.INV01.Frequency,1/1/20 14:15:00,49.98811227
5000.01.001.INV01.Frequency,1/1/20 14:30:00,49.90040316
5000.01.001.INV01.Frequency,1/1/20 14:45:00,49.90000153
5000.01.001.INV01.Frequency,1/1/20 15:00:00,49.90000153
5000.01.001.INV01.Frequency,1/1/20 15:15:00,49.94979926
5000.01.001.INV01.Frequency,1/1/20 15:30:00,49.90020214
5000.01.001.INV01.Frequency,1/1/20 15:45:00,49.94979888
5000.01.001.INV01.Frequency,1/1/20 16:00:00,49.95574865
5000.01.001.INV01.Frequency,1/1/20 16:15:00,49.93947001
5000.01.001.INV01.Frequency,1/1/20 16:30:00,49.99979699
5000.01.001.INV01.Frequency,1/1/20 16:45:00,49.95021251
5000.01.001.INV01.Frequency,1/1/20 17:00:00,49.99979853
5000.01.001.INV01.Frequency,1/1/20 17:15:00,49.92185225
5000.01.001.INV01.Frequency,1/1/20 17:30:00,49.93887334
5000.01.001.INV01.Frequency,1/1/20 17:45:00,49.93948318
5000.01.001.INV01.Frequency,1/1/20 18:00:00,49.94127808
5000.01.001.INV01.Frequency,1/1/20 18:15:00,49.95862267
5000.01.001.INV01.Frequency,1/1/20 18:30:00,49.99989961
5000.01.001.INV01.Frequency,1/1/20 18:45:00,49.95020326
5000.01.001.INV01.Frequency,1/1/20 19:00:00,49.9997995
5000.01.001.INV01.Frequency,1/1/20 19:15:00,50
5000.01.001.INV01.Frequency,1/1/20 19:30:00,50
5000.01.001.INV01.Frequency,1/1/20 19:45:00,49.95020116
5000.01.001.INV01.Frequency,1/1/20 20:00:00,49.99979949
5000.01.001.INV01.Frequency,1/1/20 20:15:00,49.92184058
5000.01.001.INV01.Frequency,1/1/20 20:30:00,49.90000153
5000.01.001.INV01.Frequency,1/1/20 20:45:00,49.90000153
5000.01.001.INV01.Frequency,1/1/20 21:00:00,49.93888257
5000.01.001.INV01.Frequency,1/1/20 21:15:00,49.91112794
5000.01.001.INV01.Frequency,1/1/20 21:30:00,49.90000153
5000.01.001.INV01.Frequency,1/1/20 21:45:00,49.92834706
5000.01.001.INV01.Frequency,1/1/20 22:00:00,49.9997982
5000.01.001.INV01.Frequency,1/1/20 22:15:00,49.95504877
5000.01.001.INV01.Frequency,1/1/20 22:30:00,49.90013556
5000.01.001.INV01.Frequency,1/1/20 22:45:00,49.9498024
5000.01.001.INV01.Frequency,1/1/20 23:00:00,49.96168678
5000.01.001.INV01.Frequency,1/1/20 23:15:00,50
5000.01.001.INV01.Frequency,1/1/20 23:30:00,49.99405585
5000.01.001.INV01.Frequency,1/1/20 23:45:00,49.93947968
5000.01.001.INV01.Frequency,1/2/20 0:00:00,49.9997987
5000.01.001.INV01.Frequency,1/2/20 0:15:00,50
5000.01.001.INV01.Frequency,1/2/20 0:30:00,50
5000.01.001.INV01.Frequency,1/2/20 0:45:00,50
5000.01.001.INV01.Frequency,1/2/20 1:00:00,50
5000.01.001.INV01.Frequency,1/2/20 1:15:00,50
5000.01.001.INV01.Frequency,1/2/20 1:30:00,50
5000.01.001.INV01.Frequency,1/2/20 1:45:00,49.95504556
5000.01.001.INV01.Frequency,1/2/20 2:00:00,49.96162682
5000.01.001.INV01.Frequency,1/2/20 2:15:00,49.98810718
5000.01.001.INV01.Frequency,1/2/20 2:30:00,49.96189264
5000.01.001.INV01.Frequency,1/2/20 2:45:00,49.99603505
5000.01.001.INV01.Frequency,1/2/20 3:00:00,49.93175358
5000.01.001.INV01.Frequency,1/2/20 3:15:00,49.96051443
5000.01.001.INV01.Frequency,1/2/20 3:30:00,49.90020139
5000.01.001.INV01.Frequency,1/2/20 3:45:00,49.94496772
5000.01.001.INV01.Frequency,1/2/20 4:00:00,19.25197794
5000.01.001.INV01.Frequency,1/2/20 4:15:00,0
5000.01.001.INV01.Frequency,1/2/20 4:30:00,0
5000.01.001.INV01.Frequency,1/2/20 4:45:00,0
5000.01.001.INV01.Frequency,1/2/20 5:00:00,0
5000.01.001.INV01.Frequency,1/2/20 5:15:00,0
5000.01.001.INV01.Frequency,1/2/20 5:30:00,0
5000.01.001.INV01.Frequency,1/2/20 5:45:00,0
5000.01.001.INV01.Frequency,1/2/20 6:00:00,0
5000.01.001.INV01.Frequency,1/2/20 6:15:00,0
5000.01.001.INV01.Frequency,1/2/20 6:30:00,0
5000.01.001.INV01.Frequency,1/2/20 6:45:00,0
5000.01.001.INV02.Frequency,1/1/20 7:00:00,0
5000.01.001.INV02.Frequency,1/1/20 7:15:00,0
5000.01.001.INV02.Frequency,1/1/20 7:30:00,0
5000.01.001.INV02.Frequency,1/1/20 7:45:00,0
5000.01.001.INV02.Frequency,1/1/20 8:00:00,0
5000.01.001.INV02.Frequency,1/1/20 8:15:00,0
5000.01.001.INV02.Frequency,1/1/20 8:30:00,0
5000.01.001.INV02.Frequency,1/1/20 8:45:00,0
5000.01.001.INV02.Frequency,1/1/20 9:00:00,0
5000.01.001.INV02.Frequency,1/1/20 9:15:00,0
5000.01.001.INV02.Frequency,1/1/20 9:30:00,0
5000.01.001.INV02.Frequency,1/1/20 9:45:00,0
5000.01.001.INV02.Frequency,1/1/20 10:00:00,0
5000.01.001.INV02.Frequency,1/1/20 10:15:00,0
5000.01.001.INV02.Frequency,1/1/20 10:30:00,0
5000.01.001.INV02.Frequency,1/1/20 10:45:00,0
5000.01.001.INV02.Frequency,1/1/20 11:00:00,0
5000.01.001.INV02.Frequency,1/1/20 11:15:00,0
5000.01.001.INV02.Frequency,1/1/20 11:30:00,0
5000.01.001.INV02.Frequency,1/1/20 11:45:00,0
5000.01.001.INV02.Frequency,1/1/20 12:00:00,0
5000.01.001.INV02.Frequency,1/1/20 12:15:00,1.979254214
5000.01.001.INV02.Frequency,1/1/20 12:30:00,37.09101569
5000.01.001.INV02.Frequency,1/1/20 12:45:00,49.9394823
5000.01.001.INV02.Frequency,1/1/20 13:00:00,49.94425188
5000.01.001.INV02.Frequency,1/1/20 13:15:00,49.96051833
5000.01.001.INV02.Frequency,1/1/20 13:30:00,49.96168869
5000.01.001.INV02.Frequency,1/1/20 13:45:00,49.98811167
5000.01.001.INV02.Frequency,1/1/20 14:00:00,49.96189492
5000.01.001.INV02.Frequency,1/1/20 14:15:00,49.98810658
5000.01.001.INV02.Frequency,1/1/20 14:30:00,49.90040301
5000.01.001.INV02.Frequency,1/1/20 14:45:00,49.90000153
5000.01.001.INV02.Frequency,1/1/20 15:00:00,49.90000153
5000.01.001.INV02.Frequency,1/1/20 15:15:00,49.94979931
5000.01.001.INV02.Frequency,1/1/20 15:30:00,49.90020215
5000.01.001.INV02.Frequency,1/1/20 15:45:00,49.94979887
5000.01.001.INV02.Frequency,1/1/20 16:00:00,49.9557486
5000.01.001.INV02.Frequency,1/1/20 16:15:00,49.93947001
5000.01.001.INV02.Frequency,1/1/20 16:30:00,49.99979699
5000.01.001.INV02.Frequency,1/1/20 16:45:00,49.95021251
5000.01.001.INV02.Frequency,1/1/20 17:00:00,49.99979853
5000.01.001.INV02.Frequency,1/1/20 17:15:00,49.92185225
5000.01.001.INV02.Frequency,1/1/20 17:30:00,49.93887333
5000.01.001.INV02.Frequency,1/1/20 17:45:00,49.93948319
5000.01.001.INV02.Frequency,1/1/20 18:00:00,49.94127811
5000.01.001.INV02.Frequency,1/1/20 18:15:00,49.95862259
5000.01.001.INV02.Frequency,1/1/20 18:30:00,49.9998996
5000.01.001.INV02.Frequency,1/1/20 18:45:00,49.95020332
5000.01.001.INV02.Frequency,1/1/20 19:00:00,49.9997995
5000.01.001.INV02.Frequency,1/1/20 19:15:00,50
5000.01.001.INV02.Frequency,1/1/20 19:30:00,50
5000.01.001.INV02.Frequency,1/1/20 19:45:00,49.95020116
5000.01.001.INV02.Frequency,1/1/20 20:00:00,49.99979949
5000.01.001.INV02.Frequency,1/1/20 20:15:00,49.92184058
5000.01.001.INV02.Frequency,1/1/20 20:30:00,49.90000153
5000.01.001.INV02.Frequency,1/1/20 20:45:00,49.90000153
5000.01.001.INV02.Frequency,1/1/20 21:00:00,49.94483134
5000.01.001.INV02.Frequency,1/1/20 21:15:00,49.98810098
5000.01.001.INV02.Frequency,1/1/20 21:30:00,49.90040289
5000.01.001.INV02.Frequency,1/1/20 21:45:00,49.94495507
5000.01.001.INV02.Frequency,1/1/20 22:00:00,49.9998655
5000.01.001.INV02.Frequency,1/1/20 22:15:00,49.95504877
5000.01.001.INV02.Frequency,1/1/20 22:30:00,49.90013556
5000.01.001.INV02.Frequency,1/1/20 22:45:00,49.9498024
5000.01.001.INV02.Frequency,1/1/20 23:00:00,49.96168678
5000.01.001.INV02.Frequency,1/1/20 23:15:00,50
5000.01.001.INV02.Frequency,1/1/20 23:30:00,49.99405586
5000.01.001.INV02.Frequency,1/1/20 23:45:00,49.93947968
5000.01.001.INV02.Frequency,1/2/20 0:00:00,49.9997987
5000.01.001.INV02.Frequency,1/2/20 0:15:00,50
5000.01.001.INV02.Frequency,1/2/20 0:30:00,50
5000.01.001.INV02.Frequency,1/2/20 0:45:00,49.95504501
5000.01.001.INV02.Frequency,1/2/20 1:00:00,49.96160026
5000.01.001.INV02.Frequency,1/2/20 1:15:00,50
5000.01.001.INV02.Frequency,1/2/20 1:30:00,50
5000.01.001.INV02.Frequency,1/2/20 1:45:00,49.98813244
5000.01.001.INV02.Frequency,1/2/20 2:00:00,49.96189537
5000.01.001.INV02.Frequency,1/2/20 2:15:00,50
5000.01.001.INV02.Frequency,1/2/20 2:30:00,50
5000.01.001.INV02.Frequency,1/2/20 2:45:00,49.99603462
5000.01.001.INV02.Frequency,1/2/20 3:00:00,49.93175312
5000.01.001.INV02.Frequency,1/2/20 3:15:00,49.96051443
5000.01.001.INV02.Frequency,1/2/20 3:30:00,49.90020139
5000.01.001.INV02.Frequency,1/2/20 3:45:00,27.4615288
5000.01.001.INV02.Frequency,1/2/20 4:00:00,27.78483544
5000.01.001.INV02.Frequency,1/2/20 4:15:00,5.548915108
5000.01.001.INV02.Frequency,1/2/20 4:30:00,0
5000.01.001.INV02.Frequency,1/2/20 4:45:00,0
5000.01.001.INV02.Frequency,1/2/20 5:00:00,0
5000.01.001.INV02.Frequency,1/2/20 5:15:00,0
5000.01.001.INV02.Frequency,1/2/20 5:30:00,0
5000.01.001.INV02.Frequency,1/2/20 5:45:00,0
5000.01.001.INV02.Frequency,1/2/20 6:00:00,0
5000.01.001.INV02.Frequency,1/2/20 6:15:00,0
5000.01.001.INV02.Frequency,1/2/20 6:30:00,0
5000.01.001.INV02.Frequency,1/2/20 6:45:00,0
5000.01.001.INV03.Frequency,1/1/20 7:00:00,0
5000.01.001.INV03.Frequency,1/1/20 7:15:00,0
5000.01.001.INV03.Frequency,1/1/20 7:30:00,0
5000.01.001.INV03.Frequency,1/1/20 7:45:00,0
5000.01.001.INV03.Frequency,1/1/20 8:00:00,0
5000.01.001.INV03.Frequency,1/1/20 8:15:00,0
5000.01.001.INV03.Frequency,1/1/20 8:30:00,0
5000.01.001.INV03.Frequency,1/1/20 8:45:00,0
5000.01.001.INV03.Frequency,1/1/20 9:00:00,0
5000.01.001.INV03.Frequency,1/1/20 9:15:00,0
5000.01.001.INV03.Frequency,1/1/20 9:30:00,0
5000.01.001.INV03.Frequency,1/1/20 9:45:00,0
5000.01.001.INV03.Frequency,1/1/20 10:00:00,0
5000.01.001.INV03.Frequency,1/1/20 10:15:00,0
5000.01.001.INV03.Frequency,1/1/20 10:30:00,0
5000.01.001.INV03.Frequency,1/1/20 10:45:00,0
5000.01.001.INV03.Frequency,1/1/20 11:00:00,0
5000.01.001.INV03.Frequency,1/1/20 11:15:00,0
5000.01.001.INV03.Frequency,1/1/20 11:30:00,0
5000.01.001.INV03.Frequency,1/1/20 11:45:00,0
5000.01.001.INV03.Frequency,1/1/20 12:00:00,0
5000.01.001.INV03.Frequency,1/1/20 12:15:00,1.979254214
5000.01.001.INV03.Frequency,1/1/20 12:30:00,37.09101569
5000.01.001.INV03.Frequency,1/1/20 12:45:00,49.93948225
5000.01.001.INV03.Frequency,1/1/20 13:00:00,49.94425192
5000.01.001.INV03.Frequency,1/1/20 13:15:00,49.98887857
5000.01.001.INV03.Frequency,1/1/20 13:30:00,50
5000.01.001.INV03.Frequency,1/1/20 13:45:00,49.97164015
5000.01.001.INV03.Frequency,1/1/20 14:00:00,49.96169414
5000.01.001.INV03.Frequency,1/1/20 14:15:00,49.98810658
5000.01.001.INV03.Frequency,1/1/20 14:30:00,49.90040301
5000.01.001.INV03.Frequency,1/1/20 14:45:00,49.90000153
5000.01.001.INV03.Frequency,1/1/20 15:00:00,49.90000153
5000.01.001.INV03.Frequency,1/1/20 15:15:00,49.94979931
5000.01.001.INV03.Frequency,1/1/20 15:30:00,49.90020215
5000.01.001.INV03.Frequency,1/1/20 15:45:00,49.94979887
5000.01.001.INV03.Frequency,1/1/20 16:00:00,49.9557486
5000.01.001.INV03.Frequency,1/1/20 16:15:00,49.93947001
5000.01.001.INV03.Frequency,1/1/20 16:30:00,49.99979699
5000.01.001.INV03.Frequency,1/1/20 16:45:00,49.95021251
5000.01.001.INV03.Frequency,1/1/20 17:00:00,49.99979853
5000.01.001.INV03.Frequency,1/1/20 17:15:00,49.92185225
5000.01.001.INV03.Frequency,1/1/20 17:30:00,49.93887333
5000.01.001.INV03.Frequency,1/1/20 17:45:00,49.93948315
5000.01.001.INV03.Frequency,1/1/20 18:00:00,49.94127816
5000.01.001.INV03.Frequency,1/1/20 18:15:00,49.95862259
5000.01.001.INV03.Frequency,1/1/20 18:30:00,49.9998996
5000.01.001.INV03.Frequency,1/1/20 18:45:00,49.95020332
5000.01.001.INV03.Frequency,1/1/20 19:00:00,49.9997995
5000.01.001.INV03.Frequency,1/1/20 19:15:00,50
5000.01.001.INV03.Frequency,1/1/20 19:30:00,50
5000.01.001.INV03.Frequency,1/1/20 19:45:00,49.95020116
5000.01.001.INV03.Frequency,1/1/20 20:00:00,49.99979949
5000.01.001.INV03.Frequency,1/1/20 20:15:00,49.92184058
5000.01.001.INV03.Frequency,1/1/20 20:30:00,49.90000153
5000.01.001.INV03.Frequency,1/1/20 20:45:00,49.90000153
5000.01.001.INV03.Frequency,1/1/20 21:00:00,49.94483134
5000.01.001.INV03.Frequency,1/1/20 21:15:00,49.98810106
5000.01.001.INV03.Frequency,1/1/20 21:30:00,49.90040292
5000.01.001.INV03.Frequency,1/1/20 21:45:00,49.94495496
5000.01.001.INV03.Frequency,1/1/20 22:00:00,49.99986549
5000.01.001.INV03.Frequency,1/1/20 22:15:00,49.95504877
5000.01.001.INV03.Frequency,1/1/20 22:30:00,49.90013556
5000.01.001.INV03.Frequency,1/1/20 22:45:00,49.9498024
5000.01.001.INV03.Frequency,1/1/20 23:00:00,49.96168678
5000.01.001.INV03.Frequency,1/1/20 23:15:00,50
5000.01.001.INV03.Frequency,1/1/20 23:30:00,49.99405586
5000.01.001.INV03.Frequency,1/1/20 23:45:00,49.93947968
5000.01.001.INV03.Frequency,1/2/20 0:00:00,49.9997987
5000.01.001.INV03.Frequency,1/2/20 0:15:00,50
5000.01.001.INV03.Frequency,1/2/20 0:30:00,50
5000.01.001.INV03.Frequency,1/2/20 0:45:00,49.95504501
5000.01.001.INV03.Frequency,1/2/20 1:00:00,49.96160026
5000.01.001.INV03.Frequency,1/2/20 1:15:00,50
5000.01.001.INV03.Frequency,1/2/20 1:30:00,50
5000.01.001.INV03.Frequency,1/2/20 1:45:00,49.98813244
5000.01.001.INV03.Frequency,1/2/20 2:00:00,49.96189537
5000.01.001.INV03.Frequency,1/2/20 2:15:00,49.98810723
5000.01.001.INV03.Frequency,1/2/20 2:30:00,49.96189264
5000.01.001.INV03.Frequency,1/2/20 2:45:00,49.99603505
5000.01.001.INV03.Frequency,1/2/20 3:00:00,49.93175358
5000.01.001.INV03.Frequency,1/2/20 3:15:00,49.96051443
5000.01.001.INV03.Frequency,1/2/20 3:30:00,49.90020139
5000.01.001.INV03.Frequency,1/2/20 3:45:00,27.4615288
5000.01.001.INV03.Frequency,1/2/20 4:00:00,0.066722462
5000.01.001.INV03.Frequency,1/2/20 4:15:00,0
5000.01.001.INV03.Frequency,1/2/20 4:30:00,0
5000.01.001.INV03.Frequency,1/2/20 4:45:00,0
5000.01.001.INV03.Frequency,1/2/20 5:00:00,0
5000.01.001.INV03.Frequency,1/2/20 5:15:00,0
5000.01.001.INV03.Frequency,1/2/20 5:30:00,0
5000.01.001.INV03.Frequency,1/2/20 5:45:00,0
5000.01.001.INV03.Frequency,1/2/20 6:00:00,0
5000.01.001.INV03.Frequency,1/2/20 6:15:00,0
5000.01.001.INV03.Frequency,1/2/20 6:30:00,0
5000.01.001.INV03.Frequency,1/2/20 6:45:00,0
5000.01.001.INV01.T_ASSET,1/1/20 7:00:00,0
5000.01.001.INV01.T_ASSET,1/1/20 7:15:00,0
5000.01.001.INV01.T_ASSET,1/1/20 7:30:00,0
5000.01.001.INV01.T_ASSET,1/1/20 7:45:00,0
5000.01.001.INV01.T_ASSET,1/1/20 8:00:00,0
5000.01.001.INV01.T_ASSET,1/1/20 8:15:00,0
5000.01.001.INV01.T_ASSET,1/1/20 8:30:00,0
5000.01.001.INV01.T_ASSET,1/1/20 8:45:00,0
5000.01.001.INV01.T_ASSET,1/1/20 9:00:00,0
5000.01.001.INV01.T_ASSET,1/1/20 9:15:00,0
5000.01.001.INV01.T_ASSET,1/1/20 9:30:00,0
5000.01.001.INV01.T_ASSET,1/1/20 9:45:00,0
5000.01.001.INV01.T_ASSET,1/1/20 10:00:00,0
5000.01.001.INV01.T_ASSET,1/1/20 10:15:00,0
5000.01.001.INV01.T_ASSET,1/1/20 10:30:00,0
5000.01.001.INV01.T_ASSET,1/1/20 10:45:00,0
5000.01.001.INV01.T_ASSET,1/1/20 11:00:00,0
5000.01.001.INV01.T_ASSET,1/1/20 11:15:00,0
5000.01.001.INV01.T_ASSET,1/1/20 11:30:00,0
5000.01.001.INV01.T_ASSET,1/1/20 11:45:00,0
5000.01.001.INV01.T_ASSET,1/1/20 12:00:00,0
5000.01.001.INV01.T_ASSET,1/1/20 12:15:00,0
5000.01.001.INV01.T_ASSET,1/1/20 12:30:00,12.41475605
5000.01.001.INV01.T_ASSET,1/1/20 12:45:00,21.09848423
5000.01.001.INV01.T_ASSET,1/1/20 13:00:00,21.7898296
5000.01.001.INV01.T_ASSET,1/1/20 13:15:00,22.44291668
5000.01.001.INV01.T_ASSET,1/1/20 13:30:00,23.35952603
5000.01.001.INV01.T_ASSET,1/1/20 13:45:00,24.72541823
5000.01.001.INV01.T_ASSET,1/1/20 14:00:00,26.34919943
5000.01.001.INV01.T_ASSET,1/1/20 14:15:00,27.91445464
5000.01.001.INV01.T_ASSET,1/1/20 14:30:00,29.70075025
5000.01.001.INV01.T_ASSET,1/1/20 14:45:00,31.97723789
5000.01.001.INV01.T_ASSET,1/1/20 15:00:00,33.9883328
5000.01.001.INV01.T_ASSET,1/1/20 15:15:00,36.1278698
5000.01.001.INV01.T_ASSET,1/1/20 15:30:00,38.48370592
5000.01.001.INV01.T_ASSET,1/1/20 15:45:00,40.87703198
5000.01.001.INV01.T_ASSET,1/1/20 16:00:00,43.65319277
5000.01.001.INV01.T_ASSET,1/1/20 16:15:00,45.83127198
5000.01.001.INV01.T_ASSET,1/1/20 16:30:00,48.15167969
5000.01.001.INV01.T_ASSET,1/1/20 16:45:00,50.50385754
5000.01.001.INV01.T_ASSET,1/1/20 17:00:00,53.30792229
5000.01.001.INV01.T_ASSET,1/1/20 17:15:00,56.04090047
5000.01.001.INV01.T_ASSET,1/1/20 17:30:00,57.87220711
5000.01.001.INV01.T_ASSET,1/1/20 17:45:00,59.48611758
5000.01.001.INV01.T_ASSET,1/1/20 18:00:00,60.58222464
5000.01.001.INV01.T_ASSET,1/1/20 18:15:00,61.48622195
5000.01.001.INV01.T_ASSET,1/1/20 18:30:00,62.29773316
5000.01.001.INV01.T_ASSET,1/1/20 18:45:00,63.05785286
5000.01.001.INV01.T_ASSET,1/1/20 19:00:00,63.45474624
5000.01.001.INV01.T_ASSET,1/1/20 19:15:00,63.43948145
5000.01.001.INV01.T_ASSET,1/1/20 19:30:00,63.43830591
5000.01.001.INV01.T_ASSET,1/1/20 19:45:00,63.43569396
5000.01.001.INV01.T_ASSET,1/1/20 20:00:00,63.69879773
5000.01.001.INV01.T_ASSET,1/1/20 20:15:00,63.25246766
5000.01.001.INV01.T_ASSET,1/1/20 20:30:00,63.30592566
5000.01.001.INV01.T_ASSET,1/1/20 20:45:00,64.43064372
5000.01.001.INV01.T_ASSET,1/1/20 21:00:00,64.8989987
5000.01.001.INV01.T_ASSET,1/1/20 21:15:00,65.34746403
5000.01.001.INV01.T_ASSET,1/1/20 21:30:00,65.59959689
5000.01.001.INV01.T_ASSET,1/1/20 21:45:00,65.06053634
5000.01.001.INV01.T_ASSET,1/1/20 22:00:00,64.13787754
5000.01.001.INV01.T_ASSET,1/1/20 22:15:00,63.64831164
5000.01.001.INV01.T_ASSET,1/1/20 22:30:00,62.92262738
5000.01.001.INV01.T_ASSET,1/1/20 22:45:00,61.87562095
5000.01.001.INV01.T_ASSET,1/1/20 23:00:00,61.13189907
5000.01.001.INV01.T_ASSET,1/1/20 23:15:00,60.67413266
5000.01.001.INV01.T_ASSET,1/1/20 23:30:00,58.79555596
5000.01.001.INV01.T_ASSET,1/1/20 23:45:00,57.06995145
5000.01.001.INV01.T_ASSET,1/2/20 0:00:00,55.40721547
5000.01.001.INV01.T_ASSET,1/2/20 0:15:00,53.93884299
5000.01.001.INV01.T_ASSET,1/2/20 0:30:00,52.42566499
5000.01.001.INV01.T_ASSET,1/2/20 0:45:00,51.83359264
5000.01.001.INV01.T_ASSET,1/2/20 1:00:00,49.02748313
5000.01.001.INV01.T_ASSET,1/2/20 1:15:00,47.08093983
5000.01.001.INV01.T_ASSET,1/2/20 1:30:00,45.36012446
5000.01.001.INV01.T_ASSET,1/2/20 1:45:00,43.31307924
5000.01.001.INV01.T_ASSET,1/2/20 2:00:00,41.50139398
5000.01.001.INV01.T_ASSET,1/2/20 2:15:00,40.09164741
5000.01.001.INV01.T_ASSET,1/2/20 2:30:00,38.96826571
5000.01.001.INV01.T_ASSET,1/2/20 2:45:00,38.19159887
5000.01.001.INV01.T_ASSET,1/2/20 3:00:00,37.52334957
5000.01.001.INV01.T_ASSET,1/2/20 3:15:00,37.40398415
5000.01.001.INV01.T_ASSET,1/2/20 3:30:00,36.33262577
5000.01.001.INV01.T_ASSET,1/2/20 3:45:00,35.75936528
5000.01.001.INV01.T_ASSET,1/2/20 4:00:00,13.66960094
5000.01.001.INV01.T_ASSET,1/2/20 4:15:00,0
5000.01.001.INV01.T_ASSET,1/2/20 4:30:00,0
5000.01.001.INV01.T_ASSET,1/2/20 4:45:00,0
5000.01.001.INV01.T_ASSET,1/2/20 5:00:00,0
5000.01.001.INV01.T_ASSET,1/2/20 5:15:00,0
5000.01.001.INV01.T_ASSET,1/2/20 5:30:00,0
5000.01.001.INV01.T_ASSET,1/2/20 5:45:00,0
5000.01.001.INV01.T_ASSET,1/2/20 6:00:00,0
5000.01.001.INV01.T_ASSET,1/2/20 6:15:00,0
5000.01.001.INV01.T_ASSET,1/2/20 6:30:00,0
5000.01.001.INV01.T_ASSET,1/2/20 6:45:00,0
5000.01.001.INV02.T_ASSET,1/1/20 7:00:00,0
5000.01.001.INV02.T_ASSET,1/1/20 7:15:00,0
5000.01.001.INV02.T_ASSET,1/1/20 7:30:00,0
5000.01.001.INV02.T_ASSET,1/1/20 7:45:00,0
5000.01.001.INV02.T_ASSET,1/1/20 8:00:00,0
5000.01.001.INV02.T_ASSET,1/1/20 8:15:00,0
5000.01.001.INV02.T_ASSET,1/1/20 8:30:00,0
5000.01.001.INV02.T_ASSET,1/1/20 8:45:00,0
5000.01.001.INV02.T_ASSET,1/1/20 9:00:00,0
5000.01.001.INV02.T_ASSET,1/1/20 9:15:00,0
5000.01.001.INV02.T_ASSET,1/1/20 9:30:00,0
5000.01.001.INV02.T_ASSET,1/1/20 9:45:00,0
5000.01.001.INV02.T_ASSET,1/1/20 10:00:00,0
5000.01.001.INV02.T_ASSET,1/1/20 10:15:00,0
5000.01.001.INV02.T_ASSET,1/1/20 10:30:00,0
5000.01.001.INV02.T_ASSET,1/1/20 10:45:00,0
5000.01.001.INV02.T_ASSET,1/1/20 11:00:00,0
5000.01.001.INV02.T_ASSET,1/1/20 11:15:00,0
5000.01.001.INV02.T_ASSET,1/1/20 11:30:00,0
5000.01.001.INV02.T_ASSET,1/1/20 11:45:00,0
5000.01.001.INV02.T_ASSET,1/1/20 12:00:00,0
5000.01.001.INV02.T_ASSET,1/1/20 12:15:00,0.811494228
5000.01.001.INV02.T_ASSET,1/1/20 12:30:00,15.26927749
5000.01.001.INV02.T_ASSET,1/1/20 12:45:00,21.50227545
5000.01.001.INV02.T_ASSET,1/1/20 13:00:00,22.10747561
5000.01.001.INV02.T_ASSET,1/1/20 13:15:00,22.66895655
5000.01.001.INV02.T_ASSET,1/1/20 13:30:00,23.36012768
5000.01.001.INV02.T_ASSET,1/1/20 13:45:00,24.47012362
5000.01.001.INV02.T_ASSET,1/1/20 14:00:00,25.86361556
5000.01.001.INV02.T_ASSET,1/1/20 14:15:00,27.47617983
5000.01.001.INV02.T_ASSET,1/1/20 14:30:00,29.04864193
5000.01.001.INV02.T_ASSET,1/1/20 14:45:00,31.03164509
5000.01.001.INV02.T_ASSET,1/1/20 15:00:00,32.70425304
5000.01.001.INV02.T_ASSET,1/1/20 15:15:00,34.6711511
5000.01.001.INV02.T_ASSET,1/1/20 15:30:00,36.55880053
5000.01.001.INV02.T_ASSET,1/1/20 15:45:00,38.48203687
5000.01.001.INV02.T_ASSET,1/1/20 16:00:00,40.88957376
5000.01.001.INV02.T_ASSET,1/1/20 16:15:00,42.52288475
5000.01.001.INV02.T_ASSET,1/1/20 16:30:00,43.82998636
5000.01.001.INV02.T_ASSET,1/1/20 16:45:00,46.47541183
5000.01.001.INV02.T_ASSET,1/1/20 17:00:00,49.24068839
5000.01.001.INV02.T_ASSET,1/1/20 17:15:00,51.90870877
5000.01.001.INV02.T_ASSET,1/1/20 17:30:00,53.85990858
5000.01.001.INV02.T_ASSET,1/1/20 17:45:00,55.30835751
5000.01.001.INV02.T_ASSET,1/1/20 18:00:00,56.50819316
5000.01.001.INV02.T_ASSET,1/1/20 18:15:00,57.54484218
5000.01.001.INV02.T_ASSET,1/1/20 18:30:00,58.37977959
5000.01.001.INV02.T_ASSET,1/1/20 18:45:00,58.97629544
5000.01.001.INV02.T_ASSET,1/1/20 19:00:00,59.49859649
5000.01.001.INV02.T_ASSET,1/1/20 19:15:00,59.40039647
5000.01.001.INV02.T_ASSET,1/1/20 19:30:00,59.59879195
5000.01.001.INV02.T_ASSET,1/1/20 19:45:00,59.5146547
5000.01.001.INV02.T_ASSET,1/1/20 20:00:00,60.0039443
5000.01.001.INV02.T_ASSET,1/1/20 20:15:00,59.83336647
5000.01.001.INV02.T_ASSET,1/1/20 20:30:00,60.04478264
5000.01.001.INV02.T_ASSET,1/1/20 20:45:00,61.34788822
5000.01.001.INV02.T_ASSET,1/1/20 21:00:00,62.0396409
5000.01.001.INV02.T_ASSET,1/1/20 21:15:00,62.59343395
5000.01.001.INV02.T_ASSET,1/1/20 21:30:00,63.19839426
5000.01.001.INV02.T_ASSET,1/1/20 21:45:00,63.06513876
5000.01.001.INV02.T_ASSET,1/1/20 22:00:00,62.77150655
5000.01.001.INV02.T_ASSET,1/1/20 22:15:00,62.55441398
5000.01.001.INV02.T_ASSET,1/1/20 22:30:00,62.1187811
5000.01.001.INV02.T_ASSET,1/1/20 22:45:00,61.41006562
5000.01.001.INV02.T_ASSET,1/1/20 23:00:00,60.86920757
5000.01.001.INV02.T_ASSET,1/1/20 23:15:00,60.06105587
5000.01.001.INV02.T_ASSET,1/1/20 23:30:00,59.30201441
5000.01.001.INV02.T_ASSET,1/1/20 23:45:00,57.92235984
5000.01.001.INV02.T_ASSET,1/2/20 0:00:00,56.40047468
5000.01.001.INV02.T_ASSET,1/2/20 0:15:00,54.9917609
5000.01.001.INV02.T_ASSET,1/2/20 0:30:00,54.0905017
5000.01.001.INV02.T_ASSET,1/2/20 0:45:00,53.05105357
5000.01.001.INV02.T_ASSET,1/2/20 1:00:00,51.26558096
5000.01.001.INV02.T_ASSET,1/2/20 1:15:00,49.73031059
5000.01.001.INV02.T_ASSET,1/2/20 1:30:00,48.02776908
5000.01.001.INV02.T_ASSET,1/2/20 1:45:00,46.10195968
5000.01.001.INV02.T_ASSET,1/2/20 2:00:00,44.40653499
5000.01.001.INV02.T_ASSET,1/2/20 2:15:00,42.73993386
5000.01.001.INV02.T_ASSET,1/2/20 2:30:00,41.28953922
5000.01.001.INV02.T_ASSET,1/2/20 2:45:00,40.13990284
5000.01.001.INV02.T_ASSET,1/2/20 3:00:00,39.04149972
5000.01.001.INV02.T_ASSET,1/2/20 3:15:00,38.15700015
5000.01.001.INV02.T_ASSET,1/2/20 3:30:00,37.0915868
5000.01.001.INV02.T_ASSET,1/2/20 3:45:00,26.1793137
5000.01.001.INV02.T_ASSET,1/2/20 4:00:00,19.90359696
5000.01.001.INV02.T_ASSET,1/2/20 4:15:00,3.969865081
5000.01.001.INV02.T_ASSET,1/2/20 4:30:00,0
5000.01.001.INV02.T_ASSET,1/2/20 4:45:00,0
5000.01.001.INV02.T_ASSET,1/2/20 5:00:00,0
5000.01.001.INV02.T_ASSET,1/2/20 5:15:00,0
5000.01.001.INV02.T_ASSET,1/2/20 5:30:00,0
5000.01.001.INV02.T_ASSET,1/2/20 5:45:00,0
5000.01.001.INV02.T_ASSET,1/2/20 6:00:00,0
5000.01.001.INV02.T_ASSET,1/2/20 6:15:00,0
5000.01.001.INV02.T_ASSET,1/2/20 6:30:00,0
5000.01.001.INV02.T_ASSET,1/2/20 6:45:00,0
5000.01.001.INV03.T_ASSET,1/1/20 7:00:00,0
5000.01.001.INV03.T_ASSET,1/1/20 7:15:00,0
5000.01.001.INV03.T_ASSET,1/1/20 7:30:00,0
5000.01.001.INV03.T_ASSET,1/1/20 7:45:00,0
5000.01.001.INV03.T_ASSET,1/1/20 8:00:00,0
5000.01.001.INV03.T_ASSET,1/1/20 8:15:00,0
5000.01.001.INV03.T_ASSET,1/1/20 8:30:00,0
5000.01.001.INV03.T_ASSET,1/1/20 8:45:00,0
5000.01.001.INV03.T_ASSET,1/1/20 9:00:00,0
5000.01.001.INV03.T_ASSET,1/1/20 9:15:00,0
5000.01.001.INV03.T_ASSET,1/1/20 9:30:00,0
5000.01.001.INV03.T_ASSET,1/1/20 9:45:00,0
5000.01.001.INV03.T_ASSET,1/1/20 10:00:00,0
5000.01.001.INV03.T_ASSET,1/1/20 10:15:00,0
5000.01.001.INV03.T_ASSET,1/1/20 10:30:00,0
5000.01.001.INV03.T_ASSET,1/1/20 10:45:00,0
5000.01.001.INV03.T_ASSET,1/1/20 11:00:00,0
5000.01.001.INV03.T_ASSET,1/1/20 11:15:00,0
5000.01.001.INV03.T_ASSET,1/1/20 11:30:00,0
5000.01.001.INV03.T_ASSET,1/1/20 11:45:00,0
5000.01.001.INV03.T_ASSET,1/1/20 12:00:00,0
5000.01.001.INV03.T_ASSET,1/1/20 12:15:00,0.77982619
5000.01.001.INV03.T_ASSET,1/1/20 12:30:00,14.66382238
5000.01.001.INV03.T_ASSET,1/1/20 12:45:00,20.58123821
5000.01.001.INV03.T_ASSET,1/1/20 13:00:00,21.36262304
5000.01.001.INV03.T_ASSET,1/1/20 13:15:00,21.82335605
5000.01.001.INV03.T_ASSET,1/1/20 13:30:00,22.48350436
5000.01.001.INV03.T_ASSET,1/1/20 13:45:00,23.67012438
5000.01.001.INV03.T_ASSET,1/1/20 14:00:00,24.93468347
5000.01.001.INV03.T_ASSET,1/1/20 14:15:00,26.41566126
5000.01.001.INV03.T_ASSET,1/1/20 14:30:00,27.98100508
5000.01.001.INV03.T_ASSET,1/1/20 14:45:00,29.81440976
5000.01.001.INV03.T_ASSET,1/1/20 15:00:00,31.23984318
5000.01.001.INV03.T_ASSET,1/1/20 15:15:00,32.66245019
5000.01.001.INV03.T_ASSET,1/1/20 15:30:00,34.88692945
5000.01.001.INV03.T_ASSET,1/1/20 15:45:00,37.02763672
5000.01.001.INV03.T_ASSET,1/1/20 16:00:00,39.85299102
5000.01.001.INV03.T_ASSET,1/1/20 16:15:00,42.05962231
5000.01.001.INV03.T_ASSET,1/1/20 16:30:00,43.95766001
5000.01.001.INV03.T_ASSET,1/1/20 16:45:00,46.76429004
5000.01.001.INV03.T_ASSET,1/1/20 17:00:00,49.54068762
5000.01.001.INV03.T_ASSET,1/1/20 17:15:00,52.32207494
5000.01.001.INV03.T_ASSET,1/1/20 17:30:00,54.6939412
5000.01.001.INV03.T_ASSET,1/1/20 17:45:00,56.44283999
5000.01.001.INV03.T_ASSET,1/1/20 18:00:00,57.9922813
5000.01.001.INV03.T_ASSET,1/1/20 18:15:00,59.14484065
5000.01.001.INV03.T_ASSET,1/1/20 18:30:00,59.85678527
5000.01.001.INV03.T_ASSET,1/1/20 18:45:00,60.23448669
5000.01.001.INV03.T_ASSET,1/1/20 19:00:00,60.03657724
5000.01.001.INV03.T_ASSET,1/1/20 19:15:00,59.66200469
5000.01.001.INV03.T_ASSET,1/1/20 19:30:00,59.20674802
5000.01.001.INV03.T_ASSET,1/1/20 19:45:00,59.23189837
5000.01.001.INV03.T_ASSET,1/1/20 20:00:00,59.69859718
5000.01.001.INV03.T_ASSET,1/1/20 20:15:00,59.11064308
5000.01.001.INV03.T_ASSET,1/1/20 20:30:00,58.4200471
5000.01.001.INV03.T_ASSET,1/1/20 20:45:00,59.09235686
5000.01.001.INV03.T_ASSET,1/1/20 21:00:00,59.42619661
5000.01.001.INV03.T_ASSET,1/1/20 21:15:00,59.64785586
5000.01.001.INV03.T_ASSET,1/1/20 21:30:00,60.18610873
5000.01.001.INV03.T_ASSET,1/1/20 21:45:00,59.51156124
5000.01.001.INV03.T_ASSET,1/1/20 22:00:00,58.98030806
5000.01.001.INV03.T_ASSET,1/1/20 22:15:00,58.89770231
5000.01.001.INV03.T_ASSET,1/1/20 22:30:00,58.19025989
5000.01.001.INV03.T_ASSET,1/1/20 22:45:00,57.20779338
5000.01.001.INV03.T_ASSET,1/1/20 23:00:00,56.06259035
5000.01.001.INV03.T_ASSET,1/1/20 23:15:00,55.00436273
5000.01.001.INV03.T_ASSET,1/1/20 23:30:00,53.95180104
5000.01.001.INV03.T_ASSET,1/1/20 23:45:00,52.32665947
5000.01.001.INV03.T_ASSET,1/2/20 0:00:00,50.64231674
5000.01.001.INV03.T_ASSET,1/2/20 0:15:00,48.65853489
5000.01.001.INV03.T_ASSET,1/2/20 0:30:00,47.8372372
5000.01.001.INV03.T_ASSET,1/2/20 0:45:00,47.06476967
5000.01.001.INV03.T_ASSET,1/2/20 1:00:00,44.96065642
5000.01.001.INV03.T_ASSET,1/2/20 1:15:00,43.65338026
5000.01.001.INV03.T_ASSET,1/2/20 1:30:00,42.24548723
5000.01.001.INV03.T_ASSET,1/2/20 1:45:00,40.52002027
5000.01.001.INV03.T_ASSET,1/2/20 2:00:00,39.2915227
5000.01.001.INV03.T_ASSET,1/2/20 2:15:00,37.63493321
5000.01.001.INV03.T_ASSET,1/2/20 2:30:00,36.68801316
5000.01.001.INV03.T_ASSET,1/2/20 2:45:00,36.46782244
5000.01.001.INV03.T_ASSET,1/2/20 3:00:00,36.29813235
5000.01.001.INV03.T_ASSET,1/2/20 3:15:00,36.13214498
5000.01.001.INV03.T_ASSET,1/2/20 3:30:00,35.80996419
5000.01.001.INV03.T_ASSET,1/2/20 3:45:00,25.5123843
5000.01.001.INV03.T_ASSET,1/2/20 4:00:00,0.07139866
5000.01.001.INV03.T_ASSET,1/2/20 4:15:00,0
5000.01.001.INV03.T_ASSET,1/2/20 4:30:00,0
5000.01.001.INV03.T_ASSET,1/2/20 4:45:00,0
5000.01.001.INV03.T_ASSET,1/2/20 5:00:00,0
5000.01.001.INV03.T_ASSET,1/2/20 5:15:00,0
5000.01.001.INV03.T_ASSET,1/2/20 5:30:00,0
5000.01.001.INV03.T_ASSET,1/2/20 5:45:00,0
5000.01.001.INV03.T_ASSET,1/2/20 6:00:00,0
5000.01.001.INV03.T_ASSET,1/2/20 6:15:00,0
5000.01.001.INV03.T_ASSET,1/2/20 6:30:00,0
5000.01.001.INV03.T_ASSET,1/2/20 6:45:00,0
